base_variant,guardrail,variant,entry_date,entry_price,entry_origin,exit_date,exit_price,exit_origin,status,net_return,max_drawdown,days
current_rsi40_65_mom7_high5,none,current_rsi40_65_mom7_high5__none,2017-02-01,10.72,breakout_entry,2017-03-08,16.68,trail8_exit,closed,0.5509950280597011,-0.15243902439024393,35
current_rsi40_65_mom7_high5,none,current_rsi40_65_mom7_high5__none,2017-03-18,33.64,standard,2017-06-21,325.41,trail8_exit,closed,8.642375774363853,-0.20301318267419965,95
current_rsi40_65_mom7_high5,none,current_rsi40_65_mom7_high5__none,2017-08-05,251.85,standard,2017-09-04,316.86,trail8_exit,closed,0.2541070445169744,-0.1934736681344974,30
current_rsi40_65_mom7_high5,none,current_rsi40_65_mom7_high5__none,2017-10-12,302.12,standard,2017-10-23,285.83,sma50_exit,closed,-0.05694400991394166,-0.15527381269025042,11
current_rsi40_65_mom7_high5,none,current_rsi40_65_mom7_high5__none,2017-11-03,306.0,standard,2017-11-07,292.42,sma50_exit,closed,-0.0474346255058824,-0.04437908496732024,4
current_rsi40_65_mom7_high5,none,current_rsi40_65_mom7_high5__none,2017-11-08,307.91,standard,2017-12-06,432.49,trail8_exit,closed,0.4001076261712835,-0.09431868154880318,28
current_rsi40_65_mom7_high5,none,current_rsi40_65_mom7_high5__none,2019-03-27,139.08,breakout_entry,2019-04-11,164.92,trail8_exit,closed,0.18200084983606524,-0.08752904725019373,15
current_rsi40_65_mom7_high5,none,current_rsi40_65_mom7_high5__none,2019-04-23,170.14,standard,2019-04-25,152.05,trail8_exit,closed,-0.10918167833548842,-0.10632420359703765,2
current_rsi40_65_mom7_high5,none,current_rsi40_65_mom7_high5__none,2019-05-03,164.74,standard,2019-07-11,268.68,sma50_exit,closed,0.6257187800218524,-0.19763483246729974,69
current_rsi40_65_mom7_high5,none,current_rsi40_65_mom7_high5__none,2020-05-28,220.44,standard,2020-09-03,382.87,trail8_exit,closed,0.7312910367773542,-0.19492398595369764,98
current_rsi40_65_mom7_high5,none,current_rsi40_65_mom7_high5__none,2020-10-09,365.36,standard,2020-12-23,585.11,trail8_exit,closed,0.5963409948587692,-0.14803203886682192,75
current_rsi40_65_mom7_high5,none,current_rsi40_65_mom7_high5__none,2020-12-27,684.12,standard,2021-02-22,1778.66,trail8_exit,closed,1.5916108889808807,-0.19337923421067937,57
current_rsi40_65_mom7_high5,none,current_rsi40_65_mom7_high5__none,2021-03-29,1815.73,standard,2021-05-16,3585.62,trail8_exit,closed,0.9684397984211306,-0.1421469175263652,48
current_rsi40_65_mom7_high5,none,current_rsi40_65_mom7_high5__none,2021-07-26,2228.26,standard,2021-09-08,3500.34,trail8_exit,closed,0.5658620954782654,-0.13036129518720097,44
current_rsi40_65_mom7_high5,none,current_rsi40_65_mom7_high5__none,2021-10-06,3575.85,standard,2021-11-16,4209.5,trail8_exit,closed,0.1734385883971643,-0.12518963403229488,41
current_rsi40_65_mom7_high5,none,current_rsi40_65_mom7_high5__none,2021-11-23,4341.62,standard,2021-11-26,4043.67,sma50_exit,closed,-0.07160446842533441,-0.10654305139122422,3
current_rsi40_65_mom7_high5,none,current_rsi40_65_mom7_high5__none,2021-11-29,4449.42,standard,2021-12-03,4216.93,sma50_exit,closed,-0.05528212231239127,-0.09018867517448936,4
current_rsi40_65_mom7_high5,none,current_rsi40_65_mom7_high5__none,2023-01-06,1268.84,breakout_entry,2023-03-03,1569.54,sma50_exit,closed,0.23303291984994168,-0.09872074098894257,56
current_rsi40_65_mom7_high5,none,current_rsi40_65_mom7_high5__none,2023-03-12,1592.31,standard,2023-04-21,1848.16,trail8_exit,closed,0.15696731119543283,-0.12825519912078376,40
current_rsi40_65_mom7_high5,none,current_rsi40_65_mom7_high5__none,2023-05-05,1995.76,standard,2023-05-10,1842.47,sma50_exit,closed,-0.07975968416883794,-0.0768078326051228,5
current_rsi40_65_mom7_high5,none,current_rsi40_65_mom7_high5__none,2023-05-29,1893.2,standard,2023-06-05,1811.21,sma50_exit,closed,-0.046366593757870334,-0.05043488290404263,7
current_rsi40_65_mom7_high5,none,current_rsi40_65_mom7_high5__none,2023-06-20,1792.86,standard,2023-08-02,1838.92,trail8_exit,closed,0.022411210934038417,-0.08326727984246862,43
current_rsi40_65_mom7_high5,none,current_rsi40_65_mom7_high5__none,2023-11-22,2063.94,standard,2024-01-23,2240.81,sma50_exit,closed,0.08222387495450434,-0.14417696911366495,62
current_rsi40_65_mom7_high5,none,current_rsi40_65_mom7_high5__none,2024-02-06,2372.09,standard,2024-03-20,3516.68,trail8_exit,closed,0.47778356921567045,-0.22360871671654936,43
current_rsi40_65_mom7_high5,none,current_rsi40_65_mom7_high5__none,2024-04-08,3694.56,standard,2024-04-12,3239.31,sma50_exit,closed,-0.12602515573340267,-0.12322170975704816,4
current_rsi40_65_mom7_high5,none,current_rsi40_65_mom7_high5__none,2024-05-29,3762.11,standard,2024-06-11,3497.31,trail8_exit,closed,-0.07335841825103484,-0.09550066337865348,13
current_rsi40_65_mom7_high5,none,current_rsi40_65_mom7_high5__none,2024-06-20,3510.73,standard,2024-06-24,3350.59,sma50_exit,closed,-0.04866603540847636,-0.0473673586016109,4
current_rsi40_65_mom7_high5,none,current_rsi40_65_mom7_high5__none,2024-07-15,3485.87,standard,2024-07-24,3334.99,sma50_exit,closed,-0.04634235654961327,-0.05690006221367572,9
current_rsi40_65_mom7_high5,none,current_rsi40_65_mom7_high5__none,2024-11-06,2724.27,breakout_entry,2024-12-18,3624.84,trail8_exit,closed,0.3263185336219978,-0.09531665314781301,42
current_rsi40_65_mom7_high5,none,current_rsi40_65_mom7_high5__none,2025-07-02,2571.13,standard,2025-08-19,4075.89,trail8_exit,closed,0.5801836493208818,-0.14218156103597634,48
current_rsi40_65_mom7_high5,none,current_rsi40_65_mom7_high5__none,2025-08-25,4377.02,standard,2025-09-22,4202.42,sma50_exit,closed,-0.04296004720216051,-0.10864834367695653,28
current_rsi40_65_mom7_high5,none,current_rsi40_65_mom7_high5__none,2025-10-01,4350.52,standard,2025-10-10,3836.15,sma50_exit,closed,-0.12105124432389713,-0.18141526827019916,9
current_rsi40_65_mom7_high5,none,current_rsi40_65_mom7_high5__none,2026-01-13,3323.38,breakout_entry,2026-01-20,2936.5,sma50_exit,closed,-0.11923682593022777,-0.12469223386053507,7
current_rsi40_65_mom7_high5,none,current_rsi40_65_mom7_high5__none,2026-08-17,1911.94,breakout_entry,,,,open,0.26474931221691045,-0.037284362826933815,5
current_rsi40_65_mom7_high5,gap__gm14p5,current_rsi40_65_mom7_high5__gap__gm14p5,2017-02-01,10.72,breakout_entry,2017-03-08,16.68,trail8_exit,closed,0.5509950280597011,-0.15243902439024393,35
current_rsi40_65_mom7_high5,gap__gm14p5,current_rsi40_65_mom7_high5__gap__gm14p5,2017-03-18,33.64,standard,2017-06-21,325.41,trail8_exit,closed,8.642375774363853,-0.20301318267419965,95
current_rsi40_65_mom7_high5,gap__gm14p5,current_rsi40_65_mom7_high5__gap__gm14p5,2017-08-05,251.85,standard,2017-09-04,316.86,trail8_exit,closed,0.2541070445169744,-0.1934736681344974,30
current_rsi40_65_mom7_high5,gap__gm14p5,current_rsi40_65_mom7_high5__gap__gm14p5,2017-10-12,302.12,standard,2017-10-23,285.83,sma50_exit,closed,-0.05694400991394166,-0.15527381269025042,11
current_rsi40_65_mom7_high5,gap__gm14p5,current_rsi40_65_mom7_high5__gap__gm14p5,2017-11-03,306.0,standard,2017-11-07,292.42,sma50_exit,closed,-0.0474346255058824,-0.04437908496732024,4
current_rsi40_65_mom7_high5,gap__gm14p5,current_rsi40_65_mom7_high5__gap__gm14p5,2017-11-08,307.91,standard,2017-12-06,432.49,trail8_exit,closed,0.4001076261712835,-0.09431868154880318,28
current_rsi40_65_mom7_high5,gap__gm14p5,current_rsi40_65_mom7_high5__gap__gm14p5,2019-03-27,139.08,breakout_entry,2019-04-11,164.92,trail8_exit,closed,0.18200084983606524,-0.08752904725019373,15
current_rsi40_65_mom7_high5,gap__gm14p5,current_rsi40_65_mom7_high5__gap__gm14p5,2019-04-23,170.14,standard,2019-04-25,152.05,trail8_exit,closed,-0.10918167833548842,-0.10632420359703765,2
current_rsi40_65_mom7_high5,gap__gm14p5,current_rsi40_65_mom7_high5__gap__gm14p5,2019-05-03,164.74,standard,2019-07-11,268.68,sma50_exit,closed,0.6257187800218524,-0.19763483246729974,69
current_rsi40_65_mom7_high5,gap__gm14p5,current_rsi40_65_mom7_high5__gap__gm14p5,2020-05-28,220.44,standard,2020-09-03,382.87,trail8_exit,closed,0.7312910367773542,-0.19492398595369764,98
current_rsi40_65_mom7_high5,gap__gm14p5,current_rsi40_65_mom7_high5__gap__gm14p5,2020-10-09,365.36,standard,2020-12-23,585.11,trail8_exit,closed,0.5963409948587692,-0.14803203886682192,75
current_rsi40_65_mom7_high5,gap__gm14p5,current_rsi40_65_mom7_high5__gap__gm14p5,2020-12-27,684.12,standard,2021-02-22,1778.66,trail8_exit,closed,1.5916108889808807,-0.19337923421067937,57
current_rsi40_65_mom7_high5,gap__gm14p5,current_rsi40_65_mom7_high5__gap__gm14p5,2021-03-29,1815.73,standard,2021-05-16,3585.62,trail8_exit,closed,0.9684397984211306,-0.1421469175263652,48
current_rsi40_65_mom7_high5,gap__gm14p5,current_rsi40_65_mom7_high5__gap__gm14p5,2021-07-26,2228.26,standard,2021-09-08,3500.34,trail8_exit,closed,0.5658620954782654,-0.13036129518720097,44
current_rsi40_65_mom7_high5,gap__gm14p5,current_rsi40_65_mom7_high5__gap__gm14p5,2021-10-06,3575.85,standard,2021-11-16,4209.5,trail8_exit,closed,0.1734385883971643,-0.12518963403229488,41
current_rsi40_65_mom7_high5,gap__gm14p5,current_rsi40_65_mom7_high5__gap__gm14p5,2021-11-23,4341.62,standard,2021-11-26,4043.67,sma50_exit,closed,-0.07160446842533441,-0.10654305139122422,3
current_rsi40_65_mom7_high5,gap__gm14p5,current_rsi40_65_mom7_high5__gap__gm14p5,2021-11-29,4449.42,standard,2021-12-03,4216.93,sma50_exit,closed,-0.05528212231239127,-0.09018867517448936,4
current_rsi40_65_mom7_high5,gap__gm14p5,current_rsi40_65_mom7_high5__gap__gm14p5,2023-01-06,1268.84,breakout_entry,2023-03-03,1569.54,sma50_exit,closed,0.23303291984994168,-0.09872074098894257,56
current_rsi40_65_mom7_high5,gap__gm14p5,current_rsi40_65_mom7_high5__gap__gm14p5,2023-03-12,1592.31,standard,2023-04-21,1848.16,trail8_exit,closed,0.15696731119543283,-0.12825519912078376,40
current_rsi40_65_mom7_high5,gap__gm14p5,current_rsi40_65_mom7_high5__gap__gm14p5,2023-05-05,1995.76,standard,2023-05-10,1842.47,sma50_exit,closed,-0.07975968416883794,-0.0768078326051228,5
current_rsi40_65_mom7_high5,gap__gm14p5,current_rsi40_65_mom7_high5__gap__gm14p5,2023-05-29,1893.2,standard,2023-06-05,1811.21,sma50_exit,closed,-0.046366593757870334,-0.05043488290404263,7
current_rsi40_65_mom7_high5,gap__gm14p5,current_rsi40_65_mom7_high5__gap__gm14p5,2023-06-20,1792.86,standard,2023-08-02,1838.92,trail8_exit,closed,0.022411210934038417,-0.08326727984246862,43
current_rsi40_65_mom7_high5,gap__gm14p5,current_rsi40_65_mom7_high5__gap__gm14p5,2023-11-22,2063.94,standard,2024-01-23,2240.81,sma50_exit,closed,0.08222387495450434,-0.14417696911366495,62
current_rsi40_65_mom7_high5,gap__gm14p5,current_rsi40_65_mom7_high5__gap__gm14p5,2024-02-06,2372.09,standard,2024-03-20,3516.68,trail8_exit,closed,0.47778356921567045,-0.22360871671654936,43
current_rsi40_65_mom7_high5,gap__gm14p5,current_rsi40_65_mom7_high5__gap__gm14p5,2024-04-08,3694.56,standard,2024-04-12,3239.31,sma50_exit,closed,-0.12602515573340267,-0.12322170975704816,4
current_rsi40_65_mom7_high5,gap__gm14p5,current_rsi40_65_mom7_high5__gap__gm14p5,2024-05-29,3762.11,standard,2024-06-11,3497.31,trail8_exit,closed,-0.07335841825103484,-0.09550066337865348,13
current_rsi40_65_mom7_high5,gap__gm14p5,current_rsi40_65_mom7_high5__gap__gm14p5,2024-06-20,3510.73,standard,2024-06-24,3350.59,sma50_exit,closed,-0.04866603540847636,-0.0473673586016109,4
current_rsi40_65_mom7_high5,gap__gm14p5,current_rsi40_65_mom7_high5__gap__gm14p5,2024-07-15,3485.87,standard,2024-07-24,3334.99,sma50_exit,closed,-0.04634235654961327,-0.05690006221367572,9
current_rsi40_65_mom7_high5,gap__gm14p5,current_rsi40_65_mom7_high5__gap__gm14p5,2024-11-06,2724.27,breakout_entry,2024-12-18,3624.84,trail8_exit,closed,0.3263185336219978,-0.09531665314781301,42
current_rsi40_65_mom7_high5,gap__gm14p5,current_rsi40_65_mom7_high5__gap__gm14p5,2025-07-02,2571.13,standard,2025-08-19,4075.89,trail8_exit,closed,0.5801836493208818,-0.14218156103597634,48
current_rsi40_65_mom7_high5,gap__gm14p5,current_rsi40_65_mom7_high5__gap__gm14p5,2025-08-25,4377.02,standard,2025-09-22,4202.42,sma50_exit,closed,-0.04296004720216051,-0.10864834367695653,28
current_rsi40_65_mom7_high5,gap__gm14p5,current_rsi40_65_mom7_high5__gap__gm14p5,2025-10-01,4350.52,standard,2025-10-10,3836.15,sma50_exit,closed,-0.12105124432389713,-0.18141526827019916,9
current_rsi40_65_mom7_high5,gap__gm14p5,current_rsi40_65_mom7_high5__gap__gm14p5,2026-08-17,1911.94,breakout_entry,,,,open,0.26474931221691045,-0.037284362826933815,5
current_rsi40_65_mom7_high5,gap__gm15p0,current_rsi40_65_mom7_high5__gap__gm15p0,2017-02-01,10.72,breakout_entry,2017-03-08,16.68,trail8_exit,closed,0.5509950280597011,-0.15243902439024393,35
current_rsi40_65_mom7_high5,gap__gm15p0,current_rsi40_65_mom7_high5__gap__gm15p0,2017-03-18,33.64,standard,2017-06-21,325.41,trail8_exit,closed,8.642375774363853,-0.20301318267419965,95
current_rsi40_65_mom7_high5,gap__gm15p0,current_rsi40_65_mom7_high5__gap__gm15p0,2017-08-05,251.85,standard,2017-09-04,316.86,trail8_exit,closed,0.2541070445169744,-0.1934736681344974,30
current_rsi40_65_mom7_high5,gap__gm15p0,current_rsi40_65_mom7_high5__gap__gm15p0,2017-10-12,302.12,standard,2017-10-23,285.83,sma50_exit,closed,-0.05694400991394166,-0.15527381269025042,11
current_rsi40_65_mom7_high5,gap__gm15p0,current_rsi40_65_mom7_high5__gap__gm15p0,2017-11-03,306.0,standard,2017-11-07,292.42,sma50_exit,closed,-0.0474346255058824,-0.04437908496732024,4
current_rsi40_65_mom7_high5,gap__gm15p0,current_rsi40_65_mom7_high5__gap__gm15p0,2017-11-08,307.91,standard,2017-12-06,432.49,trail8_exit,closed,0.4001076261712835,-0.09431868154880318,28
current_rsi40_65_mom7_high5,gap__gm15p0,current_rsi40_65_mom7_high5__gap__gm15p0,2019-03-27,139.08,breakout_entry,2019-04-11,164.92,trail8_exit,closed,0.18200084983606524,-0.08752904725019373,15
current_rsi40_65_mom7_high5,gap__gm15p0,current_rsi40_65_mom7_high5__gap__gm15p0,2019-04-23,170.14,standard,2019-04-25,152.05,trail8_exit,closed,-0.10918167833548842,-0.10632420359703765,2
current_rsi40_65_mom7_high5,gap__gm15p0,current_rsi40_65_mom7_high5__gap__gm15p0,2019-05-03,164.74,standard,2019-07-11,268.68,sma50_exit,closed,0.6257187800218524,-0.19763483246729974,69
current_rsi40_65_mom7_high5,gap__gm15p0,current_rsi40_65_mom7_high5__gap__gm15p0,2020-05-28,220.44,standard,2020-09-03,382.87,trail8_exit,closed,0.7312910367773542,-0.19492398595369764,98
current_rsi40_65_mom7_high5,gap__gm15p0,current_rsi40_65_mom7_high5__gap__gm15p0,2020-10-09,365.36,standard,2020-12-23,585.11,trail8_exit,closed,0.5963409948587692,-0.14803203886682192,75
current_rsi40_65_mom7_high5,gap__gm15p0,current_rsi40_65_mom7_high5__gap__gm15p0,2020-12-27,684.12,standard,2021-02-22,1778.66,trail8_exit,closed,1.5916108889808807,-0.19337923421067937,57
current_rsi40_65_mom7_high5,gap__gm15p0,current_rsi40_65_mom7_high5__gap__gm15p0,2021-03-29,1815.73,standard,2021-05-16,3585.62,trail8_exit,closed,0.9684397984211306,-0.1421469175263652,48
current_rsi40_65_mom7_high5,gap__gm15p0,current_rsi40_65_mom7_high5__gap__gm15p0,2021-07-26,2228.26,standard,2021-09-08,3500.34,trail8_exit,closed,0.5658620954782654,-0.13036129518720097,44
current_rsi40_65_mom7_high5,gap__gm15p0,current_rsi40_65_mom7_high5__gap__gm15p0,2021-10-06,3575.85,standard,2021-11-16,4209.5,trail8_exit,closed,0.1734385883971643,-0.12518963403229488,41
current_rsi40_65_mom7_high5,gap__gm15p0,current_rsi40_65_mom7_high5__gap__gm15p0,2021-11-23,4341.62,standard,2021-11-26,4043.67,sma50_exit,closed,-0.07160446842533441,-0.10654305139122422,3
current_rsi40_65_mom7_high5,gap__gm15p0,current_rsi40_65_mom7_high5__gap__gm15p0,2021-11-29,4449.42,standard,2021-12-03,4216.93,sma50_exit,closed,-0.05528212231239127,-0.09018867517448936,4
current_rsi40_65_mom7_high5,gap__gm15p0,current_rsi40_65_mom7_high5__gap__gm15p0,2023-01-06,1268.84,breakout_entry,2023-03-03,1569.54,sma50_exit,closed,0.23303291984994168,-0.09872074098894257,56
current_rsi40_65_mom7_high5,gap__gm15p0,current_rsi40_65_mom7_high5__gap__gm15p0,2023-03-12,1592.31,standard,2023-04-21,1848.16,trail8_exit,closed,0.15696731119543283,-0.12825519912078376,40
current_rsi40_65_mom7_high5,gap__gm15p0,current_rsi40_65_mom7_high5__gap__gm15p0,2023-05-05,1995.76,standard,2023-05-10,1842.47,sma50_exit,closed,-0.07975968416883794,-0.0768078326051228,5
current_rsi40_65_mom7_high5,gap__gm15p0,current_rsi40_65_mom7_high5__gap__gm15p0,2023-05-29,1893.2,standard,2023-06-05,1811.21,sma50_exit,closed,-0.046366593757870334,-0.05043488290404263,7
current_rsi40_65_mom7_high5,gap__gm15p0,current_rsi40_65_mom7_high5__gap__gm15p0,2023-06-20,1792.86,standard,2023-08-02,1838.92,trail8_exit,closed,0.022411210934038417,-0.08326727984246862,43
current_rsi40_65_mom7_high5,gap__gm15p0,current_rsi40_65_mom7_high5__gap__gm15p0,2023-11-22,2063.94,standard,2024-01-23,2240.81,sma50_exit,closed,0.08222387495450434,-0.14417696911366495,62
current_rsi40_65_mom7_high5,gap__gm15p0,current_rsi40_65_mom7_high5__gap__gm15p0,2024-02-06,2372.09,standard,2024-03-20,3516.68,trail8_exit,closed,0.47778356921567045,-0.22360871671654936,43
current_rsi40_65_mom7_high5,gap__gm15p0,current_rsi40_65_mom7_high5__gap__gm15p0,2024-04-08,3694.56,standard,2024-04-12,3239.31,sma50_exit,closed,-0.12602515573340267,-0.12322170975704816,4
current_rsi40_65_mom7_high5,gap__gm15p0,current_rsi40_65_mom7_high5__gap__gm15p0,2024-05-29,3762.11,standard,2024-06-11,3497.31,trail8_exit,closed,-0.07335841825103484,-0.09550066337865348,13
current_rsi40_65_mom7_high5,gap__gm15p0,current_rsi40_65_mom7_high5__gap__gm15p0,2024-06-20,3510.73,standard,2024-06-24,3350.59,sma50_exit,closed,-0.04866603540847636,-0.0473673586016109,4
current_rsi40_65_mom7_high5,gap__gm15p0,current_rsi40_65_mom7_high5__gap__gm15p0,2024-07-15,3485.87,standard,2024-07-24,3334.99,sma50_exit,closed,-0.04634235654961327,-0.05690006221367572,9
current_rsi40_65_mom7_high5,gap__gm15p0,current_rsi40_65_mom7_high5__gap__gm15p0,2024-11-06,2724.27,breakout_entry,2024-12-18,3624.84,trail8_exit,closed,0.3263185336219978,-0.09531665314781301,42
current_rsi40_65_mom7_high5,gap__gm15p0,current_rsi40_65_mom7_high5__gap__gm15p0,2025-07-02,2571.13,standard,2025-08-19,4075.89,trail8_exit,closed,0.5801836493208818,-0.14218156103597634,48
current_rsi40_65_mom7_high5,gap__gm15p0,current_rsi40_65_mom7_high5__gap__gm15p0,2025-08-25,4377.02,standard,2025-09-22,4202.42,sma50_exit,closed,-0.04296004720216051,-0.10864834367695653,28
current_rsi40_65_mom7_high5,gap__gm15p0,current_rsi40_65_mom7_high5__gap__gm15p0,2025-10-01,4350.52,standard,2025-10-10,3836.15,sma50_exit,closed,-0.12105124432389713,-0.18141526827019916,9
current_rsi40_65_mom7_high5,gap__gm15p0,current_rsi40_65_mom7_high5__gap__gm15p0,2026-08-17,1911.94,breakout_entry,,,,open,0.26474931221691045,-0.037284362826933815,5
current_rsi40_65_mom7_high5,gap__gm15p5,current_rsi40_65_mom7_high5__gap__gm15p5,2017-02-01,10.72,breakout_entry,2017-03-08,16.68,trail8_exit,closed,0.5509950280597011,-0.15243902439024393,35
current_rsi40_65_mom7_high5,gap__gm15p5,current_rsi40_65_mom7_high5__gap__gm15p5,2017-03-18,33.64,standard,2017-06-21,325.41,trail8_exit,closed,8.642375774363853,-0.20301318267419965,95
current_rsi40_65_mom7_high5,gap__gm15p5,current_rsi40_65_mom7_high5__gap__gm15p5,2017-08-05,251.85,standard,2017-09-04,316.86,trail8_exit,closed,0.2541070445169744,-0.1934736681344974,30
current_rsi40_65_mom7_high5,gap__gm15p5,current_rsi40_65_mom7_high5__gap__gm15p5,2017-10-12,302.12,standard,2017-10-23,285.83,sma50_exit,closed,-0.05694400991394166,-0.15527381269025042,11
current_rsi40_65_mom7_high5,gap__gm15p5,current_rsi40_65_mom7_high5__gap__gm15p5,2017-11-03,306.0,standard,2017-11-07,292.42,sma50_exit,closed,-0.0474346255058824,-0.04437908496732024,4
current_rsi40_65_mom7_high5,gap__gm15p5,current_rsi40_65_mom7_high5__gap__gm15p5,2017-11-08,307.91,standard,2017-12-06,432.49,trail8_exit,closed,0.4001076261712835,-0.09431868154880318,28
current_rsi40_65_mom7_high5,gap__gm15p5,current_rsi40_65_mom7_high5__gap__gm15p5,2019-03-27,139.08,breakout_entry,2019-04-11,164.92,trail8_exit,closed,0.18200084983606524,-0.08752904725019373,15
current_rsi40_65_mom7_high5,gap__gm15p5,current_rsi40_65_mom7_high5__gap__gm15p5,2019-04-23,170.14,standard,2019-04-25,152.05,trail8_exit,closed,-0.10918167833548842,-0.10632420359703765,2
current_rsi40_65_mom7_high5,gap__gm15p5,current_rsi40_65_mom7_high5__gap__gm15p5,2019-05-03,164.74,standard,2019-07-11,268.68,sma50_exit,closed,0.6257187800218524,-0.19763483246729974,69
current_rsi40_65_mom7_high5,gap__gm15p5,current_rsi40_65_mom7_high5__gap__gm15p5,2020-05-28,220.44,standard,2020-09-03,382.87,trail8_exit,closed,0.7312910367773542,-0.19492398595369764,98
current_rsi40_65_mom7_high5,gap__gm15p5,current_rsi40_65_mom7_high5__gap__gm15p5,2020-10-09,365.36,standard,2020-12-23,585.11,trail8_exit,closed,0.5963409948587692,-0.14803203886682192,75
current_rsi40_65_mom7_high5,gap__gm15p5,current_rsi40_65_mom7_high5__gap__gm15p5,2020-12-27,684.12,standard,2021-02-22,1778.66,trail8_exit,closed,1.5916108889808807,-0.19337923421067937,57
current_rsi40_65_mom7_high5,gap__gm15p5,current_rsi40_65_mom7_high5__gap__gm15p5,2021-03-29,1815.73,standard,2021-05-16,3585.62,trail8_exit,closed,0.9684397984211306,-0.1421469175263652,48
current_rsi40_65_mom7_high5,gap__gm15p5,current_rsi40_65_mom7_high5__gap__gm15p5,2021-07-26,2228.26,standard,2021-09-08,3500.34,trail8_exit,closed,0.5658620954782654,-0.13036129518720097,44
current_rsi40_65_mom7_high5,gap__gm15p5,current_rsi40_65_mom7_high5__gap__gm15p5,2021-10-06,3575.85,standard,2021-11-16,4209.5,trail8_exit,closed,0.1734385883971643,-0.12518963403229488,41
current_rsi40_65_mom7_high5,gap__gm15p5,current_rsi40_65_mom7_high5__gap__gm15p5,2021-11-23,4341.62,standard,2021-11-26,4043.67,sma50_exit,closed,-0.07160446842533441,-0.10654305139122422,3
current_rsi40_65_mom7_high5,gap__gm15p5,current_rsi40_65_mom7_high5__gap__gm15p5,2021-11-29,4449.42,standard,2021-12-03,4216.93,sma50_exit,closed,-0.05528212231239127,-0.09018867517448936,4
current_rsi40_65_mom7_high5,gap__gm15p5,current_rsi40_65_mom7_high5__gap__gm15p5,2023-01-06,1268.84,breakout_entry,2023-03-03,1569.54,sma50_exit,closed,0.23303291984994168,-0.09872074098894257,56
current_rsi40_65_mom7_high5,gap__gm15p5,current_rsi40_65_mom7_high5__gap__gm15p5,2023-03-12,1592.31,standard,2023-04-21,1848.16,trail8_exit,closed,0.15696731119543283,-0.12825519912078376,40
current_rsi40_65_mom7_high5,gap__gm15p5,current_rsi40_65_mom7_high5__gap__gm15p5,2023-05-05,1995.76,standard,2023-05-10,1842.47,sma50_exit,closed,-0.07975968416883794,-0.0768078326051228,5
current_rsi40_65_mom7_high5,gap__gm15p5,current_rsi40_65_mom7_high5__gap__gm15p5,2023-05-29,1893.2,standard,2023-06-05,1811.21,sma50_exit,closed,-0.046366593757870334,-0.05043488290404263,7
current_rsi40_65_mom7_high5,gap__gm15p5,current_rsi40_65_mom7_high5__gap__gm15p5,2023-06-20,1792.86,standard,2023-08-02,1838.92,trail8_exit,closed,0.022411210934038417,-0.08326727984246862,43
current_rsi40_65_mom7_high5,gap__gm15p5,current_rsi40_65_mom7_high5__gap__gm15p5,2023-11-22,2063.94,standard,2024-01-23,2240.81,sma50_exit,closed,0.08222387495450434,-0.14417696911366495,62
current_rsi40_65_mom7_high5,gap__gm15p5,current_rsi40_65_mom7_high5__gap__gm15p5,2024-02-06,2372.09,standard,2024-03-20,3516.68,trail8_exit,closed,0.47778356921567045,-0.22360871671654936,43
current_rsi40_65_mom7_high5,gap__gm15p5,current_rsi40_65_mom7_high5__gap__gm15p5,2024-04-08,3694.56,standard,2024-04-12,3239.31,sma50_exit,closed,-0.12602515573340267,-0.12322170975704816,4
current_rsi40_65_mom7_high5,gap__gm15p5,current_rsi40_65_mom7_high5__gap__gm15p5,2024-05-29,3762.11,standard,2024-06-11,3497.31,trail8_exit,closed,-0.07335841825103484,-0.09550066337865348,13
current_rsi40_65_mom7_high5,gap__gm15p5,current_rsi40_65_mom7_high5__gap__gm15p5,2024-06-20,3510.73,standard,2024-06-24,3350.59,sma50_exit,closed,-0.04866603540847636,-0.0473673586016109,4
current_rsi40_65_mom7_high5,gap__gm15p5,current_rsi40_65_mom7_high5__gap__gm15p5,2024-07-15,3485.87,standard,2024-07-24,3334.99,sma50_exit,closed,-0.04634235654961327,-0.05690006221367572,9
current_rsi40_65_mom7_high5,gap__gm15p5,current_rsi40_65_mom7_high5__gap__gm15p5,2024-11-06,2724.27,breakout_entry,2024-12-18,3624.84,trail8_exit,closed,0.3263185336219978,-0.09531665314781301,42
current_rsi40_65_mom7_high5,gap__gm15p5,current_rsi40_65_mom7_high5__gap__gm15p5,2025-07-02,2571.13,standard,2025-08-19,4075.89,trail8_exit,closed,0.5801836493208818,-0.14218156103597634,48
current_rsi40_65_mom7_high5,gap__gm15p5,current_rsi40_65_mom7_high5__gap__gm15p5,2025-08-25,4377.02,standard,2025-09-22,4202.42,sma50_exit,closed,-0.04296004720216051,-0.10864834367695653,28
current_rsi40_65_mom7_high5,gap__gm15p5,current_rsi40_65_mom7_high5__gap__gm15p5,2025-10-01,4350.52,standard,2025-10-10,3836.15,sma50_exit,closed,-0.12105124432389713,-0.18141526827019916,9
current_rsi40_65_mom7_high5,gap__gm15p5,current_rsi40_65_mom7_high5__gap__gm15p5,2026-08-17,1911.94,breakout_entry,,,,open,0.26474931221691045,-0.037284362826933815,5
current_rsi40_65_mom7_high5,gap__gm16p0,current_rsi40_65_mom7_high5__gap__gm16p0,2017-02-01,10.72,breakout_entry,2017-03-08,16.68,trail8_exit,closed,0.5509950280597011,-0.15243902439024393,35
current_rsi40_65_mom7_high5,gap__gm16p0,current_rsi40_65_mom7_high5__gap__gm16p0,2017-03-18,33.64,standard,2017-06-21,325.41,trail8_exit,closed,8.642375774363853,-0.20301318267419965,95
current_rsi40_65_mom7_high5,gap__gm16p0,current_rsi40_65_mom7_high5__gap__gm16p0,2017-08-05,251.85,standard,2017-09-04,316.86,trail8_exit,closed,0.2541070445169744,-0.1934736681344974,30
current_rsi40_65_mom7_high5,gap__gm16p0,current_rsi40_65_mom7_high5__gap__gm16p0,2017-10-12,302.12,standard,2017-10-23,285.83,sma50_exit,closed,-0.05694400991394166,-0.15527381269025042,11
current_rsi40_65_mom7_high5,gap__gm16p0,current_rsi40_65_mom7_high5__gap__gm16p0,2017-11-03,306.0,standard,2017-11-07,292.42,sma50_exit,closed,-0.0474346255058824,-0.04437908496732024,4
current_rsi40_65_mom7_high5,gap__gm16p0,current_rsi40_65_mom7_high5__gap__gm16p0,2017-11-08,307.91,standard,2017-12-06,432.49,trail8_exit,closed,0.4001076261712835,-0.09431868154880318,28
current_rsi40_65_mom7_high5,gap__gm16p0,current_rsi40_65_mom7_high5__gap__gm16p0,2019-03-27,139.08,breakout_entry,2019-04-11,164.92,trail8_exit,closed,0.18200084983606524,-0.08752904725019373,15
current_rsi40_65_mom7_high5,gap__gm16p0,current_rsi40_65_mom7_high5__gap__gm16p0,2019-04-23,170.14,standard,2019-04-25,152.05,trail8_exit,closed,-0.10918167833548842,-0.10632420359703765,2
current_rsi40_65_mom7_high5,gap__gm16p0,current_rsi40_65_mom7_high5__gap__gm16p0,2019-05-03,164.74,standard,2019-07-11,268.68,sma50_exit,closed,0.6257187800218524,-0.19763483246729974,69
current_rsi40_65_mom7_high5,gap__gm16p0,current_rsi40_65_mom7_high5__gap__gm16p0,2020-05-28,220.44,standard,2020-09-03,382.87,trail8_exit,closed,0.7312910367773542,-0.19492398595369764,98
current_rsi40_65_mom7_high5,gap__gm16p0,current_rsi40_65_mom7_high5__gap__gm16p0,2020-10-09,365.36,standard,2020-12-23,585.11,trail8_exit,closed,0.5963409948587692,-0.14803203886682192,75
current_rsi40_65_mom7_high5,gap__gm16p0,current_rsi40_65_mom7_high5__gap__gm16p0,2020-12-27,684.12,standard,2021-02-22,1778.66,trail8_exit,closed,1.5916108889808807,-0.19337923421067937,57
current_rsi40_65_mom7_high5,gap__gm16p0,current_rsi40_65_mom7_high5__gap__gm16p0,2021-03-29,1815.73,standard,2021-05-16,3585.62,trail8_exit,closed,0.9684397984211306,-0.1421469175263652,48
current_rsi40_65_mom7_high5,gap__gm16p0,current_rsi40_65_mom7_high5__gap__gm16p0,2021-07-26,2228.26,standard,2021-09-08,3500.34,trail8_exit,closed,0.5658620954782654,-0.13036129518720097,44
current_rsi40_65_mom7_high5,gap__gm16p0,current_rsi40_65_mom7_high5__gap__gm16p0,2021-10-06,3575.85,standard,2021-11-16,4209.5,trail8_exit,closed,0.1734385883971643,-0.12518963403229488,41
current_rsi40_65_mom7_high5,gap__gm16p0,current_rsi40_65_mom7_high5__gap__gm16p0,2021-11-23,4341.62,standard,2021-11-26,4043.67,sma50_exit,closed,-0.07160446842533441,-0.10654305139122422,3
current_rsi40_65_mom7_high5,gap__gm16p0,current_rsi40_65_mom7_high5__gap__gm16p0,2021-11-29,4449.42,standard,2021-12-03,4216.93,sma50_exit,closed,-0.05528212231239127,-0.09018867517448936,4
current_rsi40_65_mom7_high5,gap__gm16p0,current_rsi40_65_mom7_high5__gap__gm16p0,2023-01-06,1268.84,breakout_entry,2023-03-03,1569.54,sma50_exit,closed,0.23303291984994168,-0.09872074098894257,56
current_rsi40_65_mom7_high5,gap__gm16p0,current_rsi40_65_mom7_high5__gap__gm16p0,2023-03-12,1592.31,standard,2023-04-21,1848.16,trail8_exit,closed,0.15696731119543283,-0.12825519912078376,40
current_rsi40_65_mom7_high5,gap__gm16p0,current_rsi40_65_mom7_high5__gap__gm16p0,2023-05-05,1995.76,standard,2023-05-10,1842.47,sma50_exit,closed,-0.07975968416883794,-0.0768078326051228,5
current_rsi40_65_mom7_high5,gap__gm16p0,current_rsi40_65_mom7_high5__gap__gm16p0,2023-05-29,1893.2,standard,2023-06-05,1811.21,sma50_exit,closed,-0.046366593757870334,-0.05043488290404263,7
current_rsi40_65_mom7_high5,gap__gm16p0,current_rsi40_65_mom7_high5__gap__gm16p0,2023-06-20,1792.86,standard,2023-08-02,1838.92,trail8_exit,closed,0.022411210934038417,-0.08326727984246862,43
current_rsi40_65_mom7_high5,gap__gm16p0,current_rsi40_65_mom7_high5__gap__gm16p0,2023-11-22,2063.94,standard,2024-01-23,2240.81,sma50_exit,closed,0.08222387495450434,-0.14417696911366495,62
current_rsi40_65_mom7_high5,gap__gm16p0,current_rsi40_65_mom7_high5__gap__gm16p0,2024-02-06,2372.09,standard,2024-03-20,3516.68,trail8_exit,closed,0.47778356921567045,-0.22360871671654936,43
current_rsi40_65_mom7_high5,gap__gm16p0,current_rsi40_65_mom7_high5__gap__gm16p0,2024-04-08,3694.56,standard,2024-04-12,3239.31,sma50_exit,closed,-0.12602515573340267,-0.12322170975704816,4
current_rsi40_65_mom7_high5,gap__gm16p0,current_rsi40_65_mom7_high5__gap__gm16p0,2024-05-29,3762.11,standard,2024-06-11,3497.31,trail8_exit,closed,-0.07335841825103484,-0.09550066337865348,13
current_rsi40_65_mom7_high5,gap__gm16p0,current_rsi40_65_mom7_high5__gap__gm16p0,2024-06-20,3510.73,standard,2024-06-24,3350.59,sma50_exit,closed,-0.04866603540847636,-0.0473673586016109,4
current_rsi40_65_mom7_high5,gap__gm16p0,current_rsi40_65_mom7_high5__gap__gm16p0,2024-07-15,3485.87,standard,2024-07-24,3334.99,sma50_exit,closed,-0.04634235654961327,-0.05690006221367572,9
current_rsi40_65_mom7_high5,gap__gm16p0,current_rsi40_65_mom7_high5__gap__gm16p0,2024-11-06,2724.27,breakout_entry,2024-12-18,3624.84,trail8_exit,closed,0.3263185336219978,-0.09531665314781301,42
current_rsi40_65_mom7_high5,gap__gm16p0,current_rsi40_65_mom7_high5__gap__gm16p0,2025-07-02,2571.13,standard,2025-08-19,4075.89,trail8_exit,closed,0.5801836493208818,-0.14218156103597634,48
current_rsi40_65_mom7_high5,gap__gm16p0,current_rsi40_65_mom7_high5__gap__gm16p0,2025-08-25,4377.02,standard,2025-09-22,4202.42,sma50_exit,closed,-0.04296004720216051,-0.10864834367695653,28
current_rsi40_65_mom7_high5,gap__gm16p0,current_rsi40_65_mom7_high5__gap__gm16p0,2025-10-01,4350.52,standard,2025-10-10,3836.15,sma50_exit,closed,-0.12105124432389713,-0.18141526827019916,9
current_rsi40_65_mom7_high5,gap__gm16p0,current_rsi40_65_mom7_high5__gap__gm16p0,2026-08-17,1911.94,breakout_entry,,,,open,0.26474931221691045,-0.037284362826933815,5
current_rsi40_65_mom7_high5,gap__gm16p5,current_rsi40_65_mom7_high5__gap__gm16p5,2017-02-01,10.72,breakout_entry,2017-03-08,16.68,trail8_exit,closed,0.5509950280597011,-0.15243902439024393,35
current_rsi40_65_mom7_high5,gap__gm16p5,current_rsi40_65_mom7_high5__gap__gm16p5,2017-03-18,33.64,standard,2017-06-21,325.41,trail8_exit,closed,8.642375774363853,-0.20301318267419965,95
current_rsi40_65_mom7_high5,gap__gm16p5,current_rsi40_65_mom7_high5__gap__gm16p5,2017-08-05,251.85,standard,2017-09-04,316.86,trail8_exit,closed,0.2541070445169744,-0.1934736681344974,30
current_rsi40_65_mom7_high5,gap__gm16p5,current_rsi40_65_mom7_high5__gap__gm16p5,2017-10-12,302.12,standard,2017-10-23,285.83,sma50_exit,closed,-0.05694400991394166,-0.15527381269025042,11
current_rsi40_65_mom7_high5,gap__gm16p5,current_rsi40_65_mom7_high5__gap__gm16p5,2017-11-03,306.0,standard,2017-11-07,292.42,sma50_exit,closed,-0.0474346255058824,-0.04437908496732024,4
current_rsi40_65_mom7_high5,gap__gm16p5,current_rsi40_65_mom7_high5__gap__gm16p5,2017-11-08,307.91,standard,2017-12-06,432.49,trail8_exit,closed,0.4001076261712835,-0.09431868154880318,28
current_rsi40_65_mom7_high5,gap__gm16p5,current_rsi40_65_mom7_high5__gap__gm16p5,2019-03-27,139.08,breakout_entry,2019-04-11,164.92,trail8_exit,closed,0.18200084983606524,-0.08752904725019373,15
current_rsi40_65_mom7_high5,gap__gm16p5,current_rsi40_65_mom7_high5__gap__gm16p5,2019-04-23,170.14,standard,2019-04-25,152.05,trail8_exit,closed,-0.10918167833548842,-0.10632420359703765,2
current_rsi40_65_mom7_high5,gap__gm16p5,current_rsi40_65_mom7_high5__gap__gm16p5,2019-05-03,164.74,standard,2019-07-11,268.68,sma50_exit,closed,0.6257187800218524,-0.19763483246729974,69
current_rsi40_65_mom7_high5,gap__gm16p5,current_rsi40_65_mom7_high5__gap__gm16p5,2020-05-28,220.44,standard,2020-09-03,382.87,trail8_exit,closed,0.7312910367773542,-0.19492398595369764,98
current_rsi40_65_mom7_high5,gap__gm16p5,current_rsi40_65_mom7_high5__gap__gm16p5,2020-10-09,365.36,standard,2020-12-23,585.11,trail8_exit,closed,0.5963409948587692,-0.14803203886682192,75
current_rsi40_65_mom7_high5,gap__gm16p5,current_rsi40_65_mom7_high5__gap__gm16p5,2020-12-27,684.12,standard,2021-02-22,1778.66,trail8_exit,closed,1.5916108889808807,-0.19337923421067937,57
current_rsi40_65_mom7_high5,gap__gm16p5,current_rsi40_65_mom7_high5__gap__gm16p5,2021-03-29,1815.73,standard,2021-05-16,3585.62,trail8_exit,closed,0.9684397984211306,-0.1421469175263652,48
current_rsi40_65_mom7_high5,gap__gm16p5,current_rsi40_65_mom7_high5__gap__gm16p5,2021-07-26,2228.26,standard,2021-09-08,3500.34,trail8_exit,closed,0.5658620954782654,-0.13036129518720097,44
current_rsi40_65_mom7_high5,gap__gm16p5,current_rsi40_65_mom7_high5__gap__gm16p5,2021-10-06,3575.85,standard,2021-11-16,4209.5,trail8_exit,closed,0.1734385883971643,-0.12518963403229488,41
current_rsi40_65_mom7_high5,gap__gm16p5,current_rsi40_65_mom7_high5__gap__gm16p5,2021-11-23,4341.62,standard,2021-11-26,4043.67,sma50_exit,closed,-0.07160446842533441,-0.10654305139122422,3
current_rsi40_65_mom7_high5,gap__gm16p5,current_rsi40_65_mom7_high5__gap__gm16p5,2021-11-29,4449.42,standard,2021-12-03,4216.93,sma50_exit,closed,-0.05528212231239127,-0.09018867517448936,4
current_rsi40_65_mom7_high5,gap__gm16p5,current_rsi40_65_mom7_high5__gap__gm16p5,2023-01-06,1268.84,breakout_entry,2023-03-03,1569.54,sma50_exit,closed,0.23303291984994168,-0.09872074098894257,56
current_rsi40_65_mom7_high5,gap__gm16p5,current_rsi40_65_mom7_high5__gap__gm16p5,2023-03-12,1592.31,standard,2023-04-21,1848.16,trail8_exit,closed,0.15696731119543283,-0.12825519912078376,40
current_rsi40_65_mom7_high5,gap__gm16p5,current_rsi40_65_mom7_high5__gap__gm16p5,2023-05-05,1995.76,standard,2023-05-10,1842.47,sma50_exit,closed,-0.07975968416883794,-0.0768078326051228,5
current_rsi40_65_mom7_high5,gap__gm16p5,current_rsi40_65_mom7_high5__gap__gm16p5,2023-05-29,1893.2,standard,2023-06-05,1811.21,sma50_exit,closed,-0.046366593757870334,-0.05043488290404263,7
current_rsi40_65_mom7_high5,gap__gm16p5,current_rsi40_65_mom7_high5__gap__gm16p5,2023-06-20,1792.86,standard,2023-08-02,1838.92,trail8_exit,closed,0.022411210934038417,-0.08326727984246862,43
current_rsi40_65_mom7_high5,gap__gm16p5,current_rsi40_65_mom7_high5__gap__gm16p5,2023-11-22,2063.94,standard,2024-01-23,2240.81,sma50_exit,closed,0.08222387495450434,-0.14417696911366495,62
current_rsi40_65_mom7_high5,gap__gm16p5,current_rsi40_65_mom7_high5__gap__gm16p5,2024-02-06,2372.09,standard,2024-03-20,3516.68,trail8_exit,closed,0.47778356921567045,-0.22360871671654936,43
current_rsi40_65_mom7_high5,gap__gm16p5,current_rsi40_65_mom7_high5__gap__gm16p5,2024-04-08,3694.56,standard,2024-04-12,3239.31,sma50_exit,closed,-0.12602515573340267,-0.12322170975704816,4
current_rsi40_65_mom7_high5,gap__gm16p5,current_rsi40_65_mom7_high5__gap__gm16p5,2024-05-29,3762.11,standard,2024-06-11,3497.31,trail8_exit,closed,-0.07335841825103484,-0.09550066337865348,13
current_rsi40_65_mom7_high5,gap__gm16p5,current_rsi40_65_mom7_high5__gap__gm16p5,2024-06-20,3510.73,standard,2024-06-24,3350.59,sma50_exit,closed,-0.04866603540847636,-0.0473673586016109,4
current_rsi40_65_mom7_high5,gap__gm16p5,current_rsi40_65_mom7_high5__gap__gm16p5,2024-07-15,3485.87,standard,2024-07-24,3334.99,sma50_exit,closed,-0.04634235654961327,-0.05690006221367572,9
current_rsi40_65_mom7_high5,gap__gm16p5,current_rsi40_65_mom7_high5__gap__gm16p5,2024-11-06,2724.27,breakout_entry,2024-12-18,3624.84,trail8_exit,closed,0.3263185336219978,-0.09531665314781301,42
current_rsi40_65_mom7_high5,gap__gm16p5,current_rsi40_65_mom7_high5__gap__gm16p5,2025-07-02,2571.13,standard,2025-08-19,4075.89,trail8_exit,closed,0.5801836493208818,-0.14218156103597634,48
current_rsi40_65_mom7_high5,gap__gm16p5,current_rsi40_65_mom7_high5__gap__gm16p5,2025-08-25,4377.02,standard,2025-09-22,4202.42,sma50_exit,closed,-0.04296004720216051,-0.10864834367695653,28
current_rsi40_65_mom7_high5,gap__gm16p5,current_rsi40_65_mom7_high5__gap__gm16p5,2025-10-01,4350.52,standard,2025-10-10,3836.15,sma50_exit,closed,-0.12105124432389713,-0.18141526827019916,9
current_rsi40_65_mom7_high5,gap__gm16p5,current_rsi40_65_mom7_high5__gap__gm16p5,2026-01-13,3323.38,breakout_entry,2026-01-20,2936.5,sma50_exit,closed,-0.11923682593022777,-0.12469223386053507,7
current_rsi40_65_mom7_high5,gap__gm16p5,current_rsi40_65_mom7_high5__gap__gm16p5,2026-08-17,1911.94,breakout_entry,,,,open,0.26474931221691045,-0.037284362826933815,5
current_rsi40_65_mom7_high5,gap__gm17p0,current_rsi40_65_mom7_high5__gap__gm17p0,2017-02-01,10.72,breakout_entry,2017-03-08,16.68,trail8_exit,closed,0.5509950280597011,-0.15243902439024393,35
current_rsi40_65_mom7_high5,gap__gm17p0,current_rsi40_65_mom7_high5__gap__gm17p0,2017-03-18,33.64,standard,2017-06-21,325.41,trail8_exit,closed,8.642375774363853,-0.20301318267419965,95
current_rsi40_65_mom7_high5,gap__gm17p0,current_rsi40_65_mom7_high5__gap__gm17p0,2017-08-05,251.85,standard,2017-09-04,316.86,trail8_exit,closed,0.2541070445169744,-0.1934736681344974,30
current_rsi40_65_mom7_high5,gap__gm17p0,current_rsi40_65_mom7_high5__gap__gm17p0,2017-10-12,302.12,standard,2017-10-23,285.83,sma50_exit,closed,-0.05694400991394166,-0.15527381269025042,11
current_rsi40_65_mom7_high5,gap__gm17p0,current_rsi40_65_mom7_high5__gap__gm17p0,2017-11-03,306.0,standard,2017-11-07,292.42,sma50_exit,closed,-0.0474346255058824,-0.04437908496732024,4
current_rsi40_65_mom7_high5,gap__gm17p0,current_rsi40_65_mom7_high5__gap__gm17p0,2017-11-08,307.91,standard,2017-12-06,432.49,trail8_exit,closed,0.4001076261712835,-0.09431868154880318,28
current_rsi40_65_mom7_high5,gap__gm17p0,current_rsi40_65_mom7_high5__gap__gm17p0,2019-03-27,139.08,breakout_entry,2019-04-11,164.92,trail8_exit,closed,0.18200084983606524,-0.08752904725019373,15
current_rsi40_65_mom7_high5,gap__gm17p0,current_rsi40_65_mom7_high5__gap__gm17p0,2019-04-23,170.14,standard,2019-04-25,152.05,trail8_exit,closed,-0.10918167833548842,-0.10632420359703765,2
current_rsi40_65_mom7_high5,gap__gm17p0,current_rsi40_65_mom7_high5__gap__gm17p0,2019-05-03,164.74,standard,2019-07-11,268.68,sma50_exit,closed,0.6257187800218524,-0.19763483246729974,69
current_rsi40_65_mom7_high5,gap__gm17p0,current_rsi40_65_mom7_high5__gap__gm17p0,2020-05-28,220.44,standard,2020-09-03,382.87,trail8_exit,closed,0.7312910367773542,-0.19492398595369764,98
current_rsi40_65_mom7_high5,gap__gm17p0,current_rsi40_65_mom7_high5__gap__gm17p0,2020-10-09,365.36,standard,2020-12-23,585.11,trail8_exit,closed,0.5963409948587692,-0.14803203886682192,75
current_rsi40_65_mom7_high5,gap__gm17p0,current_rsi40_65_mom7_high5__gap__gm17p0,2020-12-27,684.12,standard,2021-02-22,1778.66,trail8_exit,closed,1.5916108889808807,-0.19337923421067937,57
current_rsi40_65_mom7_high5,gap__gm17p0,current_rsi40_65_mom7_high5__gap__gm17p0,2021-03-29,1815.73,standard,2021-05-16,3585.62,trail8_exit,closed,0.9684397984211306,-0.1421469175263652,48
current_rsi40_65_mom7_high5,gap__gm17p0,current_rsi40_65_mom7_high5__gap__gm17p0,2021-07-26,2228.26,standard,2021-09-08,3500.34,trail8_exit,closed,0.5658620954782654,-0.13036129518720097,44
current_rsi40_65_mom7_high5,gap__gm17p0,current_rsi40_65_mom7_high5__gap__gm17p0,2021-10-06,3575.85,standard,2021-11-16,4209.5,trail8_exit,closed,0.1734385883971643,-0.12518963403229488,41
current_rsi40_65_mom7_high5,gap__gm17p0,current_rsi40_65_mom7_high5__gap__gm17p0,2021-11-23,4341.62,standard,2021-11-26,4043.67,sma50_exit,closed,-0.07160446842533441,-0.10654305139122422,3
current_rsi40_65_mom7_high5,gap__gm17p0,current_rsi40_65_mom7_high5__gap__gm17p0,2021-11-29,4449.42,standard,2021-12-03,4216.93,sma50_exit,closed,-0.05528212231239127,-0.09018867517448936,4
current_rsi40_65_mom7_high5,gap__gm17p0,current_rsi40_65_mom7_high5__gap__gm17p0,2023-01-06,1268.84,breakout_entry,2023-03-03,1569.54,sma50_exit,closed,0.23303291984994168,-0.09872074098894257,56
current_rsi40_65_mom7_high5,gap__gm17p0,current_rsi40_65_mom7_high5__gap__gm17p0,2023-03-12,1592.31,standard,2023-04-21,1848.16,trail8_exit,closed,0.15696731119543283,-0.12825519912078376,40
current_rsi40_65_mom7_high5,gap__gm17p0,current_rsi40_65_mom7_high5__gap__gm17p0,2023-05-05,1995.76,standard,2023-05-10,1842.47,sma50_exit,closed,-0.07975968416883794,-0.0768078326051228,5
current_rsi40_65_mom7_high5,gap__gm17p0,current_rsi40_65_mom7_high5__gap__gm17p0,2023-05-29,1893.2,standard,2023-06-05,1811.21,sma50_exit,closed,-0.046366593757870334,-0.05043488290404263,7
current_rsi40_65_mom7_high5,gap__gm17p0,current_rsi40_65_mom7_high5__gap__gm17p0,2023-06-20,1792.86,standard,2023-08-02,1838.92,trail8_exit,closed,0.022411210934038417,-0.08326727984246862,43
current_rsi40_65_mom7_high5,gap__gm17p0,current_rsi40_65_mom7_high5__gap__gm17p0,2023-11-22,2063.94,standard,2024-01-23,2240.81,sma50_exit,closed,0.08222387495450434,-0.14417696911366495,62
current_rsi40_65_mom7_high5,gap__gm17p0,current_rsi40_65_mom7_high5__gap__gm17p0,2024-02-06,2372.09,standard,2024-03-20,3516.68,trail8_exit,closed,0.47778356921567045,-0.22360871671654936,43
current_rsi40_65_mom7_high5,gap__gm17p0,current_rsi40_65_mom7_high5__gap__gm17p0,2024-04-08,3694.56,standard,2024-04-12,3239.31,sma50_exit,closed,-0.12602515573340267,-0.12322170975704816,4
current_rsi40_65_mom7_high5,gap__gm17p0,current_rsi40_65_mom7_high5__gap__gm17p0,2024-05-29,3762.11,standard,2024-06-11,3497.31,trail8_exit,closed,-0.07335841825103484,-0.09550066337865348,13
current_rsi40_65_mom7_high5,gap__gm17p0,current_rsi40_65_mom7_high5__gap__gm17p0,2024-06-20,3510.73,standard,2024-06-24,3350.59,sma50_exit,closed,-0.04866603540847636,-0.0473673586016109,4
current_rsi40_65_mom7_high5,gap__gm17p0,current_rsi40_65_mom7_high5__gap__gm17p0,2024-07-15,3485.87,standard,2024-07-24,3334.99,sma50_exit,closed,-0.04634235654961327,-0.05690006221367572,9
current_rsi40_65_mom7_high5,gap__gm17p0,current_rsi40_65_mom7_high5__gap__gm17p0,2024-11-06,2724.27,breakout_entry,2024-12-18,3624.84,trail8_exit,closed,0.3263185336219978,-0.09531665314781301,42
current_rsi40_65_mom7_high5,gap__gm17p0,current_rsi40_65_mom7_high5__gap__gm17p0,2025-07-02,2571.13,standard,2025-08-19,4075.89,trail8_exit,closed,0.5801836493208818,-0.14218156103597634,48
current_rsi40_65_mom7_high5,gap__gm17p0,current_rsi40_65_mom7_high5__gap__gm17p0,2025-08-25,4377.02,standard,2025-09-22,4202.42,sma50_exit,closed,-0.04296004720216051,-0.10864834367695653,28
current_rsi40_65_mom7_high5,gap__gm17p0,current_rsi40_65_mom7_high5__gap__gm17p0,2025-10-01,4350.52,standard,2025-10-10,3836.15,sma50_exit,closed,-0.12105124432389713,-0.18141526827019916,9
current_rsi40_65_mom7_high5,gap__gm17p0,current_rsi40_65_mom7_high5__gap__gm17p0,2026-01-13,3323.38,breakout_entry,2026-01-20,2936.5,sma50_exit,closed,-0.11923682593022777,-0.12469223386053507,7
current_rsi40_65_mom7_high5,gap__gm17p0,current_rsi40_65_mom7_high5__gap__gm17p0,2026-08-17,1911.94,breakout_entry,,,,open,0.26474931221691045,-0.037284362826933815,5
current_rsi40_65_mom7_high5,slope_gap__sp0p0__gm15p0,current_rsi40_65_mom7_high5__slope_gap__sp0p0__gm15p0,2017-02-01,10.72,breakout_entry,2017-03-08,16.68,trail8_exit,closed,0.5509950280597011,-0.15243902439024393,35
current_rsi40_65_mom7_high5,slope_gap__sp0p0__gm15p0,current_rsi40_65_mom7_high5__slope_gap__sp0p0__gm15p0,2017-03-18,33.64,standard,2017-06-21,325.41,trail8_exit,closed,8.642375774363853,-0.20301318267419965,95
current_rsi40_65_mom7_high5,slope_gap__sp0p0__gm15p0,current_rsi40_65_mom7_high5__slope_gap__sp0p0__gm15p0,2017-08-05,251.85,standard,2017-09-04,316.86,trail8_exit,closed,0.2541070445169744,-0.1934736681344974,30
current_rsi40_65_mom7_high5,slope_gap__sp0p0__gm15p0,current_rsi40_65_mom7_high5__slope_gap__sp0p0__gm15p0,2017-10-12,302.12,standard,2017-10-23,285.83,sma50_exit,closed,-0.05694400991394166,-0.15527381269025042,11
current_rsi40_65_mom7_high5,slope_gap__sp0p0__gm15p0,current_rsi40_65_mom7_high5__slope_gap__sp0p0__gm15p0,2017-11-03,306.0,standard,2017-11-07,292.42,sma50_exit,closed,-0.0474346255058824,-0.04437908496732024,4
current_rsi40_65_mom7_high5,slope_gap__sp0p0__gm15p0,current_rsi40_65_mom7_high5__slope_gap__sp0p0__gm15p0,2017-11-08,307.91,standard,2017-12-06,432.49,trail8_exit,closed,0.4001076261712835,-0.09431868154880318,28
current_rsi40_65_mom7_high5,slope_gap__sp0p0__gm15p0,current_rsi40_65_mom7_high5__slope_gap__sp0p0__gm15p0,2019-03-27,139.08,breakout_entry,2019-04-11,164.92,trail8_exit,closed,0.18200084983606524,-0.08752904725019373,15
current_rsi40_65_mom7_high5,slope_gap__sp0p0__gm15p0,current_rsi40_65_mom7_high5__slope_gap__sp0p0__gm15p0,2019-04-23,170.14,standard,2019-04-25,152.05,trail8_exit,closed,-0.10918167833548842,-0.10632420359703765,2
current_rsi40_65_mom7_high5,slope_gap__sp0p0__gm15p0,current_rsi40_65_mom7_high5__slope_gap__sp0p0__gm15p0,2019-05-03,164.74,standard,2019-07-11,268.68,sma50_exit,closed,0.6257187800218524,-0.19763483246729974,69
current_rsi40_65_mom7_high5,slope_gap__sp0p0__gm15p0,current_rsi40_65_mom7_high5__slope_gap__sp0p0__gm15p0,2020-05-28,220.44,standard,2020-09-03,382.87,trail8_exit,closed,0.7312910367773542,-0.19492398595369764,98
current_rsi40_65_mom7_high5,slope_gap__sp0p0__gm15p0,current_rsi40_65_mom7_high5__slope_gap__sp0p0__gm15p0,2020-10-09,365.36,standard,2020-12-23,585.11,trail8_exit,closed,0.5963409948587692,-0.14803203886682192,75
current_rsi40_65_mom7_high5,slope_gap__sp0p0__gm15p0,current_rsi40_65_mom7_high5__slope_gap__sp0p0__gm15p0,2020-12-27,684.12,standard,2021-02-22,1778.66,trail8_exit,closed,1.5916108889808807,-0.19337923421067937,57
current_rsi40_65_mom7_high5,slope_gap__sp0p0__gm15p0,current_rsi40_65_mom7_high5__slope_gap__sp0p0__gm15p0,2021-03-29,1815.73,standard,2021-05-16,3585.62,trail8_exit,closed,0.9684397984211306,-0.1421469175263652,48
current_rsi40_65_mom7_high5,slope_gap__sp0p0__gm15p0,current_rsi40_65_mom7_high5__slope_gap__sp0p0__gm15p0,2021-07-26,2228.26,standard,2021-09-08,3500.34,trail8_exit,closed,0.5658620954782654,-0.13036129518720097,44
current_rsi40_65_mom7_high5,slope_gap__sp0p0__gm15p0,current_rsi40_65_mom7_high5__slope_gap__sp0p0__gm15p0,2021-10-06,3575.85,standard,2021-11-16,4209.5,trail8_exit,closed,0.1734385883971643,-0.12518963403229488,41
current_rsi40_65_mom7_high5,slope_gap__sp0p0__gm15p0,current_rsi40_65_mom7_high5__slope_gap__sp0p0__gm15p0,2021-11-23,4341.62,standard,2021-11-26,4043.67,sma50_exit,closed,-0.07160446842533441,-0.10654305139122422,3
current_rsi40_65_mom7_high5,slope_gap__sp0p0__gm15p0,current_rsi40_65_mom7_high5__slope_gap__sp0p0__gm15p0,2021-11-29,4449.42,standard,2021-12-03,4216.93,sma50_exit,closed,-0.05528212231239127,-0.09018867517448936,4
current_rsi40_65_mom7_high5,slope_gap__sp0p0__gm15p0,current_rsi40_65_mom7_high5__slope_gap__sp0p0__gm15p0,2023-01-06,1268.84,breakout_entry,2023-03-03,1569.54,sma50_exit,closed,0.23303291984994168,-0.09872074098894257,56
current_rsi40_65_mom7_high5,slope_gap__sp0p0__gm15p0,current_rsi40_65_mom7_high5__slope_gap__sp0p0__gm15p0,2023-03-12,1592.31,standard,2023-04-21,1848.16,trail8_exit,closed,0.15696731119543283,-0.12825519912078376,40
current_rsi40_65_mom7_high5,slope_gap__sp0p0__gm15p0,current_rsi40_65_mom7_high5__slope_gap__sp0p0__gm15p0,2023-05-05,1995.76,standard,2023-05-10,1842.47,sma50_exit,closed,-0.07975968416883794,-0.0768078326051228,5
current_rsi40_65_mom7_high5,slope_gap__sp0p0__gm15p0,current_rsi40_65_mom7_high5__slope_gap__sp0p0__gm15p0,2023-05-29,1893.2,standard,2023-06-05,1811.21,sma50_exit,closed,-0.046366593757870334,-0.05043488290404263,7
current_rsi40_65_mom7_high5,slope_gap__sp0p0__gm15p0,current_rsi40_65_mom7_high5__slope_gap__sp0p0__gm15p0,2023-06-20,1792.86,standard,2023-08-02,1838.92,trail8_exit,closed,0.022411210934038417,-0.08326727984246862,43
current_rsi40_65_mom7_high5,slope_gap__sp0p0__gm15p0,current_rsi40_65_mom7_high5__slope_gap__sp0p0__gm15p0,2023-11-22,2063.94,standard,2024-01-23,2240.81,sma50_exit,closed,0.08222387495450434,-0.14417696911366495,62
current_rsi40_65_mom7_high5,slope_gap__sp0p0__gm15p0,current_rsi40_65_mom7_high5__slope_gap__sp0p0__gm15p0,2024-02-06,2372.09,standard,2024-03-20,3516.68,trail8_exit,closed,0.47778356921567045,-0.22360871671654936,43
current_rsi40_65_mom7_high5,slope_gap__sp0p0__gm15p0,current_rsi40_65_mom7_high5__slope_gap__sp0p0__gm15p0,2024-04-08,3694.56,standard,2024-04-12,3239.31,sma50_exit,closed,-0.12602515573340267,-0.12322170975704816,4
current_rsi40_65_mom7_high5,slope_gap__sp0p0__gm15p0,current_rsi40_65_mom7_high5__slope_gap__sp0p0__gm15p0,2024-05-29,3762.11,standard,2024-06-11,3497.31,trail8_exit,closed,-0.07335841825103484,-0.09550066337865348,13
current_rsi40_65_mom7_high5,slope_gap__sp0p0__gm15p0,current_rsi40_65_mom7_high5__slope_gap__sp0p0__gm15p0,2024-06-20,3510.73,standard,2024-06-24,3350.59,sma50_exit,closed,-0.04866603540847636,-0.0473673586016109,4
current_rsi40_65_mom7_high5,slope_gap__sp0p0__gm15p0,current_rsi40_65_mom7_high5__slope_gap__sp0p0__gm15p0,2024-07-15,3485.87,standard,2024-07-24,3334.99,sma50_exit,closed,-0.04634235654961327,-0.05690006221367572,9
current_rsi40_65_mom7_high5,slope_gap__sp0p0__gm15p0,current_rsi40_65_mom7_high5__slope_gap__sp0p0__gm15p0,2024-11-06,2724.27,breakout_entry,2024-12-18,3624.84,trail8_exit,closed,0.3263185336219978,-0.09531665314781301,42
current_rsi40_65_mom7_high5,slope_gap__sp0p0__gm15p0,current_rsi40_65_mom7_high5__slope_gap__sp0p0__gm15p0,2025-07-02,2571.13,standard,2025-08-19,4075.89,trail8_exit,closed,0.5801836493208818,-0.14218156103597634,48
current_rsi40_65_mom7_high5,slope_gap__sp0p0__gm15p0,current_rsi40_65_mom7_high5__slope_gap__sp0p0__gm15p0,2025-08-25,4377.02,standard,2025-09-22,4202.42,sma50_exit,closed,-0.04296004720216051,-0.10864834367695653,28
current_rsi40_65_mom7_high5,slope_gap__sp0p0__gm15p0,current_rsi40_65_mom7_high5__slope_gap__sp0p0__gm15p0,2025-10-01,4350.52,standard,2025-10-10,3836.15,sma50_exit,closed,-0.12105124432389713,-0.18141526827019916,9
current_rsi40_65_mom7_high5,slope_gap__sp0p0__gm15p0,current_rsi40_65_mom7_high5__slope_gap__sp0p0__gm15p0,2026-08-17,1911.94,breakout_entry,,,,open,0.26474931221691045,-0.037284362826933815,5
rsi40_mom7_high5,none,rsi40_mom7_high5__none,2017-02-01,10.72,breakout_entry,2017-03-08,16.68,trail8_exit,closed,0.5509950280597011,-0.15243902439024393,35
rsi40_mom7_high5,none,rsi40_mom7_high5__none,2017-03-18,33.64,standard,2017-06-21,325.41,trail8_exit,closed,8.642375774363853,-0.20301318267419965,95
rsi40_mom7_high5,none,rsi40_mom7_high5__none,2017-08-05,251.85,standard,2017-09-04,316.86,trail8_exit,closed,0.2541070445169744,-0.1934736681344974,30
rsi40_mom7_high5,none,rsi40_mom7_high5__none,2017-10-12,302.12,standard,2017-10-23,285.83,sma50_exit,closed,-0.05694400991394166,-0.15527381269025042,11
rsi40_mom7_high5,none,rsi40_mom7_high5__none,2017-11-03,306.0,standard,2017-11-07,292.42,sma50_exit,closed,-0.0474346255058824,-0.04437908496732024,4
rsi40_mom7_high5,none,rsi40_mom7_high5__none,2017-11-08,307.91,standard,2017-12-06,432.49,trail8_exit,closed,0.4001076261712835,-0.09431868154880318,28
rsi40_mom7_high5,none,rsi40_mom7_high5__none,2018-05-03,775.51,breakout_entry,2018-05-11,678.05,trail8_exit,closed,-0.12846774921277626,-0.16496305418719215,8
rsi40_mom7_high5,none,rsi40_mom7_high5__none,2019-03-27,139.08,breakout_entry,2019-04-11,164.92,trail8_exit,closed,0.18200084983606524,-0.08752904725019373,15
rsi40_mom7_high5,none,rsi40_mom7_high5__none,2019-04-23,170.14,standard,2019-04-25,152.05,trail8_exit,closed,-0.10918167833548842,-0.10632420359703765,2
rsi40_mom7_high5,none,rsi40_mom7_high5__none,2019-05-03,164.74,standard,2019-07-11,268.68,sma50_exit,closed,0.6257187800218524,-0.19763483246729974,69
rsi40_mom7_high5,none,rsi40_mom7_high5__none,2020-01-15,166.29,breakout_entry,2020-02-19,258.66,trail8_exit,closed,0.5505018351650732,-0.09700632270234388,35
rsi40_mom7_high5,none,rsi40_mom7_high5__none,2020-05-28,220.44,standard,2020-09-03,382.87,trail8_exit,closed,0.7312910367773542,-0.19492398595369764,98
rsi40_mom7_high5,none,rsi40_mom7_high5__none,2020-10-09,365.36,standard,2020-12-23,585.11,trail8_exit,closed,0.5963409948587692,-0.14803203886682192,75
rsi40_mom7_high5,none,rsi40_mom7_high5__none,2020-12-27,684.12,standard,2021-02-22,1778.66,trail8_exit,closed,1.5916108889808807,-0.19337923421067937,57
rsi40_mom7_high5,none,rsi40_mom7_high5__none,2021-03-29,1815.73,standard,2021-05-16,3585.62,trail8_exit,closed,0.9684397984211306,-0.1421469175263652,48
rsi40_mom7_high5,none,rsi40_mom7_high5__none,2021-07-26,2228.26,standard,2021-09-08,3500.34,trail8_exit,closed,0.5658620954782654,-0.13036129518720097,44
rsi40_mom7_high5,none,rsi40_mom7_high5__none,2021-10-06,3575.85,standard,2021-11-16,4209.5,trail8_exit,closed,0.1734385883971643,-0.12518963403229488,41
rsi40_mom7_high5,none,rsi40_mom7_high5__none,2021-11-23,4341.62,standard,2021-11-26,4043.67,sma50_exit,closed,-0.07160446842533441,-0.10654305139122422,3
rsi40_mom7_high5,none,rsi40_mom7_high5__none,2021-11-29,4449.42,standard,2021-12-03,4216.93,sma50_exit,closed,-0.05528212231239127,-0.09018867517448936,4
rsi40_mom7_high5,none,rsi40_mom7_high5__none,2022-03-28,3334.47,breakout_entry,2022-04-06,3168.52,trail8_exit,closed,-0.052806338815104104,-0.10056262383685621,9
rsi40_mom7_high5,none,rsi40_mom7_high5__none,2023-01-06,1268.84,breakout_entry,2023-03-03,1569.54,sma50_exit,closed,0.23303291984994168,-0.09872074098894257,56
rsi40_mom7_high5,none,rsi40_mom7_high5__none,2023-03-12,1592.31,standard,2023-04-21,1848.16,trail8_exit,closed,0.15696731119543283,-0.12825519912078376,40
rsi40_mom7_high5,none,rsi40_mom7_high5__none,2023-05-05,1995.76,standard,2023-05-10,1842.47,sma50_exit,closed,-0.07975968416883794,-0.0768078326051228,5
rsi40_mom7_high5,none,rsi40_mom7_high5__none,2023-05-29,1893.2,standard,2023-06-05,1811.21,sma50_exit,closed,-0.046366593757870334,-0.05043488290404263,7
rsi40_mom7_high5,none,rsi40_mom7_high5__none,2023-06-20,1792.86,standard,2023-08-02,1838.92,trail8_exit,closed,0.022411210934038417,-0.08326727984246862,43
rsi40_mom7_high5,none,rsi40_mom7_high5__none,2023-10-24,1785.28,breakout_entry,2024-01-23,2240.81,sma50_exit,closed,0.2511455595052876,-0.14417696911366495,91
rsi40_mom7_high5,none,rsi40_mom7_high5__none,2024-02-06,2372.09,standard,2024-03-20,3516.68,trail8_exit,closed,0.47778356921567045,-0.22360871671654936,43
rsi40_mom7_high5,none,rsi40_mom7_high5__none,2024-04-08,3694.56,standard,2024-04-12,3239.31,sma50_exit,closed,-0.12602515573340267,-0.12322170975704816,4
rsi40_mom7_high5,none,rsi40_mom7_high5__none,2024-05-29,3762.11,standard,2024-06-11,3497.31,trail8_exit,closed,-0.07335841825103484,-0.09550066337865348,13
rsi40_mom7_high5,none,rsi40_mom7_high5__none,2024-06-20,3510.73,standard,2024-06-24,3350.59,sma50_exit,closed,-0.04866603540847636,-0.0473673586016109,4
rsi40_mom7_high5,none,rsi40_mom7_high5__none,2024-07-15,3485.87,standard,2024-07-24,3334.99,sma50_exit,closed,-0.04634235654961327,-0.05690006221367572,9
rsi40_mom7_high5,none,rsi40_mom7_high5__none,2024-11-06,2724.27,breakout_entry,2024-12-18,3624.84,trail8_exit,closed,0.3263185336219978,-0.09531665314781301,42
rsi40_mom7_high5,none,rsi40_mom7_high5__none,2025-05-13,2679.88,breakout_entry,2025-06-05,2415.34,trail8_exit,closed,-0.10159518513127463,-0.09947952396575888,23
rsi40_mom7_high5,none,rsi40_mom7_high5__none,2025-06-10,2816.5,breakout_entry,2025-06-13,2580.21,trail8_exit,closed,-0.08682409609884623,-0.0838949050239659,3
rsi40_mom7_high5,none,rsi40_mom7_high5__none,2025-07-02,2571.13,standard,2025-08-19,4075.89,trail8_exit,closed,0.5801836493208818,-0.14218156103597634,48
rsi40_mom7_high5,none,rsi40_mom7_high5__none,2025-08-25,4377.02,standard,2025-09-22,4202.42,sma50_exit,closed,-0.04296004720216051,-0.10864834367695653,28
rsi40_mom7_high5,none,rsi40_mom7_high5__none,2025-10-01,4350.52,standard,2025-10-10,3836.15,sma50_exit,closed,-0.12105124432389713,-0.18141526827019916,9
rsi40_mom7_high5,none,rsi40_mom7_high5__none,2026-01-06,3295.59,breakout_entry,2026-01-20,2936.5,sma50_exit,closed,-0.1118098072150967,-0.12469223386053507,14
rsi40_mom7_high5,none,rsi40_mom7_high5__none,2026-08-17,1911.94,breakout_entry,,,,open,0.26474931221691045,-0.037284362826933815,5
rsi40_mom7_high5,gap__gm14p5,rsi40_mom7_high5__gap__gm14p5,2017-02-01,10.72,breakout_entry,2017-03-08,16.68,trail8_exit,closed,0.5509950280597011,-0.15243902439024393,35
rsi40_mom7_high5,gap__gm14p5,rsi40_mom7_high5__gap__gm14p5,2017-03-18,33.64,standard,2017-06-21,325.41,trail8_exit,closed,8.642375774363853,-0.20301318267419965,95
rsi40_mom7_high5,gap__gm14p5,rsi40_mom7_high5__gap__gm14p5,2017-08-05,251.85,standard,2017-09-04,316.86,trail8_exit,closed,0.2541070445169744,-0.1934736681344974,30
rsi40_mom7_high5,gap__gm14p5,rsi40_mom7_high5__gap__gm14p5,2017-10-12,302.12,standard,2017-10-23,285.83,sma50_exit,closed,-0.05694400991394166,-0.15527381269025042,11
rsi40_mom7_high5,gap__gm14p5,rsi40_mom7_high5__gap__gm14p5,2017-11-03,306.0,standard,2017-11-07,292.42,sma50_exit,closed,-0.0474346255058824,-0.04437908496732024,4
rsi40_mom7_high5,gap__gm14p5,rsi40_mom7_high5__gap__gm14p5,2017-11-08,307.91,standard,2017-12-06,432.49,trail8_exit,closed,0.4001076261712835,-0.09431868154880318,28
rsi40_mom7_high5,gap__gm14p5,rsi40_mom7_high5__gap__gm14p5,2019-03-27,139.08,breakout_entry,2019-04-11,164.92,trail8_exit,closed,0.18200084983606524,-0.08752904725019373,15
rsi40_mom7_high5,gap__gm14p5,rsi40_mom7_high5__gap__gm14p5,2019-04-23,170.14,standard,2019-04-25,152.05,trail8_exit,closed,-0.10918167833548842,-0.10632420359703765,2
rsi40_mom7_high5,gap__gm14p5,rsi40_mom7_high5__gap__gm14p5,2019-05-03,164.74,standard,2019-07-11,268.68,sma50_exit,closed,0.6257187800218524,-0.19763483246729974,69
rsi40_mom7_high5,gap__gm14p5,rsi40_mom7_high5__gap__gm14p5,2020-02-05,204.0,breakout_entry,2020-02-19,258.66,trail8_exit,closed,0.2638870106352942,-0.09700632270234388,14
rsi40_mom7_high5,gap__gm14p5,rsi40_mom7_high5__gap__gm14p5,2020-05-28,220.44,standard,2020-09-03,382.87,trail8_exit,closed,0.7312910367773542,-0.19492398595369764,98
rsi40_mom7_high5,gap__gm14p5,rsi40_mom7_high5__gap__gm14p5,2020-10-09,365.36,standard,2020-12-23,585.11,trail8_exit,closed,0.5963409948587692,-0.14803203886682192,75
rsi40_mom7_high5,gap__gm14p5,rsi40_mom7_high5__gap__gm14p5,2020-12-27,684.12,standard,2021-02-22,1778.66,trail8_exit,closed,1.5916108889808807,-0.19337923421067937,57
rsi40_mom7_high5,gap__gm14p5,rsi40_mom7_high5__gap__gm14p5,2021-03-29,1815.73,standard,2021-05-16,3585.62,trail8_exit,closed,0.9684397984211306,-0.1421469175263652,48
rsi40_mom7_high5,gap__gm14p5,rsi40_mom7_high5__gap__gm14p5,2021-07-26,2228.26,standard,2021-09-08,3500.34,trail8_exit,closed,0.5658620954782654,-0.13036129518720097,44
rsi40_mom7_high5,gap__gm14p5,rsi40_mom7_high5__gap__gm14p5,2021-10-06,3575.85,standard,2021-11-16,4209.5,trail8_exit,closed,0.1734385883971643,-0.12518963403229488,41
rsi40_mom7_high5,gap__gm14p5,rsi40_mom7_high5__gap__gm14p5,2021-11-23,4341.62,standard,2021-11-26,4043.67,sma50_exit,closed,-0.07160446842533441,-0.10654305139122422,3
rsi40_mom7_high5,gap__gm14p5,rsi40_mom7_high5__gap__gm14p5,2021-11-29,4449.42,standard,2021-12-03,4216.93,sma50_exit,closed,-0.05528212231239127,-0.09018867517448936,4
rsi40_mom7_high5,gap__gm14p5,rsi40_mom7_high5__gap__gm14p5,2023-01-06,1268.84,breakout_entry,2023-03-03,1569.54,sma50_exit,closed,0.23303291984994168,-0.09872074098894257,56
rsi40_mom7_high5,gap__gm14p5,rsi40_mom7_high5__gap__gm14p5,2023-03-12,1592.31,standard,2023-04-21,1848.16,trail8_exit,closed,0.15696731119543283,-0.12825519912078376,40
rsi40_mom7_high5,gap__gm14p5,rsi40_mom7_high5__gap__gm14p5,2023-05-05,1995.76,standard,2023-05-10,1842.47,sma50_exit,closed,-0.07975968416883794,-0.0768078326051228,5
rsi40_mom7_high5,gap__gm14p5,rsi40_mom7_high5__gap__gm14p5,2023-05-29,1893.2,standard,2023-06-05,1811.21,sma50_exit,closed,-0.046366593757870334,-0.05043488290404263,7
rsi40_mom7_high5,gap__gm14p5,rsi40_mom7_high5__gap__gm14p5,2023-06-20,1792.86,standard,2023-08-02,1838.92,trail8_exit,closed,0.022411210934038417,-0.08326727984246862,43
rsi40_mom7_high5,gap__gm14p5,rsi40_mom7_high5__gap__gm14p5,2023-10-24,1785.28,breakout_entry,2024-01-23,2240.81,sma50_exit,closed,0.2511455595052876,-0.14417696911366495,91
rsi40_mom7_high5,gap__gm14p5,rsi40_mom7_high5__gap__gm14p5,2024-02-06,2372.09,standard,2024-03-20,3516.68,trail8_exit,closed,0.47778356921567045,-0.22360871671654936,43
rsi40_mom7_high5,gap__gm14p5,rsi40_mom7_high5__gap__gm14p5,2024-04-08,3694.56,standard,2024-04-12,3239.31,sma50_exit,closed,-0.12602515573340267,-0.12322170975704816,4
rsi40_mom7_high5,gap__gm14p5,rsi40_mom7_high5__gap__gm14p5,2024-05-29,3762.11,standard,2024-06-11,3497.31,trail8_exit,closed,-0.07335841825103484,-0.09550066337865348,13
rsi40_mom7_high5,gap__gm14p5,rsi40_mom7_high5__gap__gm14p5,2024-06-20,3510.73,standard,2024-06-24,3350.59,sma50_exit,closed,-0.04866603540847636,-0.0473673586016109,4
rsi40_mom7_high5,gap__gm14p5,rsi40_mom7_high5__gap__gm14p5,2024-07-15,3485.87,standard,2024-07-24,3334.99,sma50_exit,closed,-0.04634235654961327,-0.05690006221367572,9
rsi40_mom7_high5,gap__gm14p5,rsi40_mom7_high5__gap__gm14p5,2024-11-06,2724.27,breakout_entry,2024-12-18,3624.84,trail8_exit,closed,0.3263185336219978,-0.09531665314781301,42
rsi40_mom7_high5,gap__gm14p5,rsi40_mom7_high5__gap__gm14p5,2025-06-10,2816.5,breakout_entry,2025-06-13,2580.21,trail8_exit,closed,-0.08682409609884623,-0.0838949050239659,3
rsi40_mom7_high5,gap__gm14p5,rsi40_mom7_high5__gap__gm14p5,2025-07-02,2571.13,standard,2025-08-19,4075.89,trail8_exit,closed,0.5801836493208818,-0.14218156103597634,48
rsi40_mom7_high5,gap__gm14p5,rsi40_mom7_high5__gap__gm14p5,2025-08-25,4377.02,standard,2025-09-22,4202.42,sma50_exit,closed,-0.04296004720216051,-0.10864834367695653,28
rsi40_mom7_high5,gap__gm14p5,rsi40_mom7_high5__gap__gm14p5,2025-10-01,4350.52,standard,2025-10-10,3836.15,sma50_exit,closed,-0.12105124432389713,-0.18141526827019916,9
rsi40_mom7_high5,gap__gm14p5,rsi40_mom7_high5__gap__gm14p5,2026-08-17,1911.94,breakout_entry,,,,open,0.26474931221691045,-0.037284362826933815,5
rsi40_mom7_high5,gap__gm15p0,rsi40_mom7_high5__gap__gm15p0,2017-02-01,10.72,breakout_entry,2017-03-08,16.68,trail8_exit,closed,0.5509950280597011,-0.15243902439024393,35
rsi40_mom7_high5,gap__gm15p0,rsi40_mom7_high5__gap__gm15p0,2017-03-18,33.64,standard,2017-06-21,325.41,trail8_exit,closed,8.642375774363853,-0.20301318267419965,95
rsi40_mom7_high5,gap__gm15p0,rsi40_mom7_high5__gap__gm15p0,2017-08-05,251.85,standard,2017-09-04,316.86,trail8_exit,closed,0.2541070445169744,-0.1934736681344974,30
rsi40_mom7_high5,gap__gm15p0,rsi40_mom7_high5__gap__gm15p0,2017-10-12,302.12,standard,2017-10-23,285.83,sma50_exit,closed,-0.05694400991394166,-0.15527381269025042,11
rsi40_mom7_high5,gap__gm15p0,rsi40_mom7_high5__gap__gm15p0,2017-11-03,306.0,standard,2017-11-07,292.42,sma50_exit,closed,-0.0474346255058824,-0.04437908496732024,4
rsi40_mom7_high5,gap__gm15p0,rsi40_mom7_high5__gap__gm15p0,2017-11-08,307.91,standard,2017-12-06,432.49,trail8_exit,closed,0.4001076261712835,-0.09431868154880318,28
rsi40_mom7_high5,gap__gm15p0,rsi40_mom7_high5__gap__gm15p0,2019-03-27,139.08,breakout_entry,2019-04-11,164.92,trail8_exit,closed,0.18200084983606524,-0.08752904725019373,15
rsi40_mom7_high5,gap__gm15p0,rsi40_mom7_high5__gap__gm15p0,2019-04-23,170.14,standard,2019-04-25,152.05,trail8_exit,closed,-0.10918167833548842,-0.10632420359703765,2
rsi40_mom7_high5,gap__gm15p0,rsi40_mom7_high5__gap__gm15p0,2019-05-03,164.74,standard,2019-07-11,268.68,sma50_exit,closed,0.6257187800218524,-0.19763483246729974,69
rsi40_mom7_high5,gap__gm15p0,rsi40_mom7_high5__gap__gm15p0,2020-02-05,204.0,breakout_entry,2020-02-19,258.66,trail8_exit,closed,0.2638870106352942,-0.09700632270234388,14
rsi40_mom7_high5,gap__gm15p0,rsi40_mom7_high5__gap__gm15p0,2020-05-28,220.44,standard,2020-09-03,382.87,trail8_exit,closed,0.7312910367773542,-0.19492398595369764,98
rsi40_mom7_high5,gap__gm15p0,rsi40_mom7_high5__gap__gm15p0,2020-10-09,365.36,standard,2020-12-23,585.11,trail8_exit,closed,0.5963409948587692,-0.14803203886682192,75
rsi40_mom7_high5,gap__gm15p0,rsi40_mom7_high5__gap__gm15p0,2020-12-27,684.12,standard,2021-02-22,1778.66,trail8_exit,closed,1.5916108889808807,-0.19337923421067937,57
rsi40_mom7_high5,gap__gm15p0,rsi40_mom7_high5__gap__gm15p0,2021-03-29,1815.73,standard,2021-05-16,3585.62,trail8_exit,closed,0.9684397984211306,-0.1421469175263652,48
rsi40_mom7_high5,gap__gm15p0,rsi40_mom7_high5__gap__gm15p0,2021-07-26,2228.26,standard,2021-09-08,3500.34,trail8_exit,closed,0.5658620954782654,-0.13036129518720097,44
rsi40_mom7_high5,gap__gm15p0,rsi40_mom7_high5__gap__gm15p0,2021-10-06,3575.85,standard,2021-11-16,4209.5,trail8_exit,closed,0.1734385883971643,-0.12518963403229488,41
rsi40_mom7_high5,gap__gm15p0,rsi40_mom7_high5__gap__gm15p0,2021-11-23,4341.62,standard,2021-11-26,4043.67,sma50_exit,closed,-0.07160446842533441,-0.10654305139122422,3
rsi40_mom7_high5,gap__gm15p0,rsi40_mom7_high5__gap__gm15p0,2021-11-29,4449.42,standard,2021-12-03,4216.93,sma50_exit,closed,-0.05528212231239127,-0.09018867517448936,4
rsi40_mom7_high5,gap__gm15p0,rsi40_mom7_high5__gap__gm15p0,2023-01-06,1268.84,breakout_entry,2023-03-03,1569.54,sma50_exit,closed,0.23303291984994168,-0.09872074098894257,56
rsi40_mom7_high5,gap__gm15p0,rsi40_mom7_high5__gap__gm15p0,2023-03-12,1592.31,standard,2023-04-21,1848.16,trail8_exit,closed,0.15696731119543283,-0.12825519912078376,40
rsi40_mom7_high5,gap__gm15p0,rsi40_mom7_high5__gap__gm15p0,2023-05-05,1995.76,standard,2023-05-10,1842.47,sma50_exit,closed,-0.07975968416883794,-0.0768078326051228,5
rsi40_mom7_high5,gap__gm15p0,rsi40_mom7_high5__gap__gm15p0,2023-05-29,1893.2,standard,2023-06-05,1811.21,sma50_exit,closed,-0.046366593757870334,-0.05043488290404263,7
rsi40_mom7_high5,gap__gm15p0,rsi40_mom7_high5__gap__gm15p0,2023-06-20,1792.86,standard,2023-08-02,1838.92,trail8_exit,closed,0.022411210934038417,-0.08326727984246862,43
rsi40_mom7_high5,gap__gm15p0,rsi40_mom7_high5__gap__gm15p0,2023-10-24,1785.28,breakout_entry,2024-01-23,2240.81,sma50_exit,closed,0.2511455595052876,-0.14417696911366495,91
rsi40_mom7_high5,gap__gm15p0,rsi40_mom7_high5__gap__gm15p0,2024-02-06,2372.09,standard,2024-03-20,3516.68,trail8_exit,closed,0.47778356921567045,-0.22360871671654936,43
rsi40_mom7_high5,gap__gm15p0,rsi40_mom7_high5__gap__gm15p0,2024-04-08,3694.56,standard,2024-04-12,3239.31,sma50_exit,closed,-0.12602515573340267,-0.12322170975704816,4
rsi40_mom7_high5,gap__gm15p0,rsi40_mom7_high5__gap__gm15p0,2024-05-29,3762.11,standard,2024-06-11,3497.31,trail8_exit,closed,-0.07335841825103484,-0.09550066337865348,13
rsi40_mom7_high5,gap__gm15p0,rsi40_mom7_high5__gap__gm15p0,2024-06-20,3510.73,standard,2024-06-24,3350.59,sma50_exit,closed,-0.04866603540847636,-0.0473673586016109,4
rsi40_mom7_high5,gap__gm15p0,rsi40_mom7_high5__gap__gm15p0,2024-07-15,3485.87,standard,2024-07-24,3334.99,sma50_exit,closed,-0.04634235654961327,-0.05690006221367572,9
rsi40_mom7_high5,gap__gm15p0,rsi40_mom7_high5__gap__gm15p0,2024-11-06,2724.27,breakout_entry,2024-12-18,3624.84,trail8_exit,closed,0.3263185336219978,-0.09531665314781301,42
rsi40_mom7_high5,gap__gm15p0,rsi40_mom7_high5__gap__gm15p0,2025-06-10,2816.5,breakout_entry,2025-06-13,2580.21,trail8_exit,closed,-0.08682409609884623,-0.0838949050239659,3
rsi40_mom7_high5,gap__gm15p0,rsi40_mom7_high5__gap__gm15p0,2025-07-02,2571.13,standard,2025-08-19,4075.89,trail8_exit,closed,0.5801836493208818,-0.14218156103597634,48
rsi40_mom7_high5,gap__gm15p0,rsi40_mom7_high5__gap__gm15p0,2025-08-25,4377.02,standard,2025-09-22,4202.42,sma50_exit,closed,-0.04296004720216051,-0.10864834367695653,28
rsi40_mom7_high5,gap__gm15p0,rsi40_mom7_high5__gap__gm15p0,2025-10-01,4350.52,standard,2025-10-10,3836.15,sma50_exit,closed,-0.12105124432389713,-0.18141526827019916,9
rsi40_mom7_high5,gap__gm15p0,rsi40_mom7_high5__gap__gm15p0,2026-08-17,1911.94,breakout_entry,,,,open,0.26474931221691045,-0.037284362826933815,5
rsi40_mom7_high5,gap__gm15p5,rsi40_mom7_high5__gap__gm15p5,2017-02-01,10.72,breakout_entry,2017-03-08,16.68,trail8_exit,closed,0.5509950280597011,-0.15243902439024393,35
rsi40_mom7_high5,gap__gm15p5,rsi40_mom7_high5__gap__gm15p5,2017-03-18,33.64,standard,2017-06-21,325.41,trail8_exit,closed,8.642375774363853,-0.20301318267419965,95
rsi40_mom7_high5,gap__gm15p5,rsi40_mom7_high5__gap__gm15p5,2017-08-05,251.85,standard,2017-09-04,316.86,trail8_exit,closed,0.2541070445169744,-0.1934736681344974,30
rsi40_mom7_high5,gap__gm15p5,rsi40_mom7_high5__gap__gm15p5,2017-10-12,302.12,standard,2017-10-23,285.83,sma50_exit,closed,-0.05694400991394166,-0.15527381269025042,11
rsi40_mom7_high5,gap__gm15p5,rsi40_mom7_high5__gap__gm15p5,2017-11-03,306.0,standard,2017-11-07,292.42,sma50_exit,closed,-0.0474346255058824,-0.04437908496732024,4
rsi40_mom7_high5,gap__gm15p5,rsi40_mom7_high5__gap__gm15p5,2017-11-08,307.91,standard,2017-12-06,432.49,trail8_exit,closed,0.4001076261712835,-0.09431868154880318,28
rsi40_mom7_high5,gap__gm15p5,rsi40_mom7_high5__gap__gm15p5,2019-03-27,139.08,breakout_entry,2019-04-11,164.92,trail8_exit,closed,0.18200084983606524,-0.08752904725019373,15
rsi40_mom7_high5,gap__gm15p5,rsi40_mom7_high5__gap__gm15p5,2019-04-23,170.14,standard,2019-04-25,152.05,trail8_exit,closed,-0.10918167833548842,-0.10632420359703765,2
rsi40_mom7_high5,gap__gm15p5,rsi40_mom7_high5__gap__gm15p5,2019-05-03,164.74,standard,2019-07-11,268.68,sma50_exit,closed,0.6257187800218524,-0.19763483246729974,69
rsi40_mom7_high5,gap__gm15p5,rsi40_mom7_high5__gap__gm15p5,2020-02-05,204.0,breakout_entry,2020-02-19,258.66,trail8_exit,closed,0.2638870106352942,-0.09700632270234388,14
rsi40_mom7_high5,gap__gm15p5,rsi40_mom7_high5__gap__gm15p5,2020-05-28,220.44,standard,2020-09-03,382.87,trail8_exit,closed,0.7312910367773542,-0.19492398595369764,98
rsi40_mom7_high5,gap__gm15p5,rsi40_mom7_high5__gap__gm15p5,2020-10-09,365.36,standard,2020-12-23,585.11,trail8_exit,closed,0.5963409948587692,-0.14803203886682192,75
rsi40_mom7_high5,gap__gm15p5,rsi40_mom7_high5__gap__gm15p5,2020-12-27,684.12,standard,2021-02-22,1778.66,trail8_exit,closed,1.5916108889808807,-0.19337923421067937,57
rsi40_mom7_high5,gap__gm15p5,rsi40_mom7_high5__gap__gm15p5,2021-03-29,1815.73,standard,2021-05-16,3585.62,trail8_exit,closed,0.9684397984211306,-0.1421469175263652,48
rsi40_mom7_high5,gap__gm15p5,rsi40_mom7_high5__gap__gm15p5,2021-07-26,2228.26,standard,2021-09-08,3500.34,trail8_exit,closed,0.5658620954782654,-0.13036129518720097,44
rsi40_mom7_high5,gap__gm15p5,rsi40_mom7_high5__gap__gm15p5,2021-10-06,3575.85,standard,2021-11-16,4209.5,trail8_exit,closed,0.1734385883971643,-0.12518963403229488,41
rsi40_mom7_high5,gap__gm15p5,rsi40_mom7_high5__gap__gm15p5,2021-11-23,4341.62,standard,2021-11-26,4043.67,sma50_exit,closed,-0.07160446842533441,-0.10654305139122422,3
rsi40_mom7_high5,gap__gm15p5,rsi40_mom7_high5__gap__gm15p5,2021-11-29,4449.42,standard,2021-12-03,4216.93,sma50_exit,closed,-0.05528212231239127,-0.09018867517448936,4
rsi40_mom7_high5,gap__gm15p5,rsi40_mom7_high5__gap__gm15p5,2023-01-06,1268.84,breakout_entry,2023-03-03,1569.54,sma50_exit,closed,0.23303291984994168,-0.09872074098894257,56
rsi40_mom7_high5,gap__gm15p5,rsi40_mom7_high5__gap__gm15p5,2023-03-12,1592.31,standard,2023-04-21,1848.16,trail8_exit,closed,0.15696731119543283,-0.12825519912078376,40
rsi40_mom7_high5,gap__gm15p5,rsi40_mom7_high5__gap__gm15p5,2023-05-05,1995.76,standard,2023-05-10,1842.47,sma50_exit,closed,-0.07975968416883794,-0.0768078326051228,5
rsi40_mom7_high5,gap__gm15p5,rsi40_mom7_high5__gap__gm15p5,2023-05-29,1893.2,standard,2023-06-05,1811.21,sma50_exit,closed,-0.046366593757870334,-0.05043488290404263,7
rsi40_mom7_high5,gap__gm15p5,rsi40_mom7_high5__gap__gm15p5,2023-06-20,1792.86,standard,2023-08-02,1838.92,trail8_exit,closed,0.022411210934038417,-0.08326727984246862,43
rsi40_mom7_high5,gap__gm15p5,rsi40_mom7_high5__gap__gm15p5,2023-10-24,1785.28,breakout_entry,2024-01-23,2240.81,sma50_exit,closed,0.2511455595052876,-0.14417696911366495,91
rsi40_mom7_high5,gap__gm15p5,rsi40_mom7_high5__gap__gm15p5,2024-02-06,2372.09,standard,2024-03-20,3516.68,trail8_exit,closed,0.47778356921567045,-0.22360871671654936,43
rsi40_mom7_high5,gap__gm15p5,rsi40_mom7_high5__gap__gm15p5,2024-04-08,3694.56,standard,2024-04-12,3239.31,sma50_exit,closed,-0.12602515573340267,-0.12322170975704816,4
rsi40_mom7_high5,gap__gm15p5,rsi40_mom7_high5__gap__gm15p5,2024-05-29,3762.11,standard,2024-06-11,3497.31,trail8_exit,closed,-0.07335841825103484,-0.09550066337865348,13
rsi40_mom7_high5,gap__gm15p5,rsi40_mom7_high5__gap__gm15p5,2024-06-20,3510.73,standard,2024-06-24,3350.59,sma50_exit,closed,-0.04866603540847636,-0.0473673586016109,4
rsi40_mom7_high5,gap__gm15p5,rsi40_mom7_high5__gap__gm15p5,2024-07-15,3485.87,standard,2024-07-24,3334.99,sma50_exit,closed,-0.04634235654961327,-0.05690006221367572,9
rsi40_mom7_high5,gap__gm15p5,rsi40_mom7_high5__gap__gm15p5,2024-11-06,2724.27,breakout_entry,2024-12-18,3624.84,trail8_exit,closed,0.3263185336219978,-0.09531665314781301,42
rsi40_mom7_high5,gap__gm15p5,rsi40_mom7_high5__gap__gm15p5,2025-06-10,2816.5,breakout_entry,2025-06-13,2580.21,trail8_exit,closed,-0.08682409609884623,-0.0838949050239659,3
rsi40_mom7_high5,gap__gm15p5,rsi40_mom7_high5__gap__gm15p5,2025-07-02,2571.13,standard,2025-08-19,4075.89,trail8_exit,closed,0.5801836493208818,-0.14218156103597634,48
rsi40_mom7_high5,gap__gm15p5,rsi40_mom7_high5__gap__gm15p5,2025-08-25,4377.02,standard,2025-09-22,4202.42,sma50_exit,closed,-0.04296004720216051,-0.10864834367695653,28
rsi40_mom7_high5,gap__gm15p5,rsi40_mom7_high5__gap__gm15p5,2025-10-01,4350.52,standard,2025-10-10,3836.15,sma50_exit,closed,-0.12105124432389713,-0.18141526827019916,9
rsi40_mom7_high5,gap__gm15p5,rsi40_mom7_high5__gap__gm15p5,2026-08-17,1911.94,breakout_entry,,,,open,0.26474931221691045,-0.037284362826933815,5
rsi40_mom7_high5,gap__gm16p0,rsi40_mom7_high5__gap__gm16p0,2017-02-01,10.72,breakout_entry,2017-03-08,16.68,trail8_exit,closed,0.5509950280597011,-0.15243902439024393,35
rsi40_mom7_high5,gap__gm16p0,rsi40_mom7_high5__gap__gm16p0,2017-03-18,33.64,standard,2017-06-21,325.41,trail8_exit,closed,8.642375774363853,-0.20301318267419965,95
rsi40_mom7_high5,gap__gm16p0,rsi40_mom7_high5__gap__gm16p0,2017-08-05,251.85,standard,2017-09-04,316.86,trail8_exit,closed,0.2541070445169744,-0.1934736681344974,30
rsi40_mom7_high5,gap__gm16p0,rsi40_mom7_high5__gap__gm16p0,2017-10-12,302.12,standard,2017-10-23,285.83,sma50_exit,closed,-0.05694400991394166,-0.15527381269025042,11
rsi40_mom7_high5,gap__gm16p0,rsi40_mom7_high5__gap__gm16p0,2017-11-03,306.0,standard,2017-11-07,292.42,sma50_exit,closed,-0.0474346255058824,-0.04437908496732024,4
rsi40_mom7_high5,gap__gm16p0,rsi40_mom7_high5__gap__gm16p0,2017-11-08,307.91,standard,2017-12-06,432.49,trail8_exit,closed,0.4001076261712835,-0.09431868154880318,28
rsi40_mom7_high5,gap__gm16p0,rsi40_mom7_high5__gap__gm16p0,2019-03-27,139.08,breakout_entry,2019-04-11,164.92,trail8_exit,closed,0.18200084983606524,-0.08752904725019373,15
rsi40_mom7_high5,gap__gm16p0,rsi40_mom7_high5__gap__gm16p0,2019-04-23,170.14,standard,2019-04-25,152.05,trail8_exit,closed,-0.10918167833548842,-0.10632420359703765,2
rsi40_mom7_high5,gap__gm16p0,rsi40_mom7_high5__gap__gm16p0,2019-05-03,164.74,standard,2019-07-11,268.68,sma50_exit,closed,0.6257187800218524,-0.19763483246729974,69
rsi40_mom7_high5,gap__gm16p0,rsi40_mom7_high5__gap__gm16p0,2020-02-05,204.0,breakout_entry,2020-02-19,258.66,trail8_exit,closed,0.2638870106352942,-0.09700632270234388,14
rsi40_mom7_high5,gap__gm16p0,rsi40_mom7_high5__gap__gm16p0,2020-05-28,220.44,standard,2020-09-03,382.87,trail8_exit,closed,0.7312910367773542,-0.19492398595369764,98
rsi40_mom7_high5,gap__gm16p0,rsi40_mom7_high5__gap__gm16p0,2020-10-09,365.36,standard,2020-12-23,585.11,trail8_exit,closed,0.5963409948587692,-0.14803203886682192,75
rsi40_mom7_high5,gap__gm16p0,rsi40_mom7_high5__gap__gm16p0,2020-12-27,684.12,standard,2021-02-22,1778.66,trail8_exit,closed,1.5916108889808807,-0.19337923421067937,57
rsi40_mom7_high5,gap__gm16p0,rsi40_mom7_high5__gap__gm16p0,2021-03-29,1815.73,standard,2021-05-16,3585.62,trail8_exit,closed,0.9684397984211306,-0.1421469175263652,48
rsi40_mom7_high5,gap__gm16p0,rsi40_mom7_high5__gap__gm16p0,2021-07-26,2228.26,standard,2021-09-08,3500.34,trail8_exit,closed,0.5658620954782654,-0.13036129518720097,44
rsi40_mom7_high5,gap__gm16p0,rsi40_mom7_high5__gap__gm16p0,2021-10-06,3575.85,standard,2021-11-16,4209.5,trail8_exit,closed,0.1734385883971643,-0.12518963403229488,41
rsi40_mom7_high5,gap__gm16p0,rsi40_mom7_high5__gap__gm16p0,2021-11-23,4341.62,standard,2021-11-26,4043.67,sma50_exit,closed,-0.07160446842533441,-0.10654305139122422,3
rsi40_mom7_high5,gap__gm16p0,rsi40_mom7_high5__gap__gm16p0,2021-11-29,4449.42,standard,2021-12-03,4216.93,sma50_exit,closed,-0.05528212231239127,-0.09018867517448936,4
rsi40_mom7_high5,gap__gm16p0,rsi40_mom7_high5__gap__gm16p0,2023-01-06,1268.84,breakout_entry,2023-03-03,1569.54,sma50_exit,closed,0.23303291984994168,-0.09872074098894257,56
rsi40_mom7_high5,gap__gm16p0,rsi40_mom7_high5__gap__gm16p0,2023-03-12,1592.31,standard,2023-04-21,1848.16,trail8_exit,closed,0.15696731119543283,-0.12825519912078376,40
rsi40_mom7_high5,gap__gm16p0,rsi40_mom7_high5__gap__gm16p0,2023-05-05,1995.76,standard,2023-05-10,1842.47,sma50_exit,closed,-0.07975968416883794,-0.0768078326051228,5
rsi40_mom7_high5,gap__gm16p0,rsi40_mom7_high5__gap__gm16p0,2023-05-29,1893.2,standard,2023-06-05,1811.21,sma50_exit,closed,-0.046366593757870334,-0.05043488290404263,7
rsi40_mom7_high5,gap__gm16p0,rsi40_mom7_high5__gap__gm16p0,2023-06-20,1792.86,standard,2023-08-02,1838.92,trail8_exit,closed,0.022411210934038417,-0.08326727984246862,43
rsi40_mom7_high5,gap__gm16p0,rsi40_mom7_high5__gap__gm16p0,2023-10-24,1785.28,breakout_entry,2024-01-23,2240.81,sma50_exit,closed,0.2511455595052876,-0.14417696911366495,91
rsi40_mom7_high5,gap__gm16p0,rsi40_mom7_high5__gap__gm16p0,2024-02-06,2372.09,standard,2024-03-20,3516.68,trail8_exit,closed,0.47778356921567045,-0.22360871671654936,43
rsi40_mom7_high5,gap__gm16p0,rsi40_mom7_high5__gap__gm16p0,2024-04-08,3694.56,standard,2024-04-12,3239.31,sma50_exit,closed,-0.12602515573340267,-0.12322170975704816,4
rsi40_mom7_high5,gap__gm16p0,rsi40_mom7_high5__gap__gm16p0,2024-05-29,3762.11,standard,2024-06-11,3497.31,trail8_exit,closed,-0.07335841825103484,-0.09550066337865348,13
rsi40_mom7_high5,gap__gm16p0,rsi40_mom7_high5__gap__gm16p0,2024-06-20,3510.73,standard,2024-06-24,3350.59,sma50_exit,closed,-0.04866603540847636,-0.0473673586016109,4
rsi40_mom7_high5,gap__gm16p0,rsi40_mom7_high5__gap__gm16p0,2024-07-15,3485.87,standard,2024-07-24,3334.99,sma50_exit,closed,-0.04634235654961327,-0.05690006221367572,9
rsi40_mom7_high5,gap__gm16p0,rsi40_mom7_high5__gap__gm16p0,2024-11-06,2724.27,breakout_entry,2024-12-18,3624.84,trail8_exit,closed,0.3263185336219978,-0.09531665314781301,42
rsi40_mom7_high5,gap__gm16p0,rsi40_mom7_high5__gap__gm16p0,2025-06-10,2816.5,breakout_entry,2025-06-13,2580.21,trail8_exit,closed,-0.08682409609884623,-0.0838949050239659,3
rsi40_mom7_high5,gap__gm16p0,rsi40_mom7_high5__gap__gm16p0,2025-07-02,2571.13,standard,2025-08-19,4075.89,trail8_exit,closed,0.5801836493208818,-0.14218156103597634,48
rsi40_mom7_high5,gap__gm16p0,rsi40_mom7_high5__gap__gm16p0,2025-08-25,4377.02,standard,2025-09-22,4202.42,sma50_exit,closed,-0.04296004720216051,-0.10864834367695653,28
rsi40_mom7_high5,gap__gm16p0,rsi40_mom7_high5__gap__gm16p0,2025-10-01,4350.52,standard,2025-10-10,3836.15,sma50_exit,closed,-0.12105124432389713,-0.18141526827019916,9
rsi40_mom7_high5,gap__gm16p0,rsi40_mom7_high5__gap__gm16p0,2026-08-17,1911.94,breakout_entry,,,,open,0.26474931221691045,-0.037284362826933815,5
rsi40_mom7_high5,gap__gm16p5,rsi40_mom7_high5__gap__gm16p5,2017-02-01,10.72,breakout_entry,2017-03-08,16.68,trail8_exit,closed,0.5509950280597011,-0.15243902439024393,35
rsi40_mom7_high5,gap__gm16p5,rsi40_mom7_high5__gap__gm16p5,2017-03-18,33.64,standard,2017-06-21,325.41,trail8_exit,closed,8.642375774363853,-0.20301318267419965,95
rsi40_mom7_high5,gap__gm16p5,rsi40_mom7_high5__gap__gm16p5,2017-08-05,251.85,standard,2017-09-04,316.86,trail8_exit,closed,0.2541070445169744,-0.1934736681344974,30
rsi40_mom7_high5,gap__gm16p5,rsi40_mom7_high5__gap__gm16p5,2017-10-12,302.12,standard,2017-10-23,285.83,sma50_exit,closed,-0.05694400991394166,-0.15527381269025042,11
rsi40_mom7_high5,gap__gm16p5,rsi40_mom7_high5__gap__gm16p5,2017-11-03,306.0,standard,2017-11-07,292.42,sma50_exit,closed,-0.0474346255058824,-0.04437908496732024,4
rsi40_mom7_high5,gap__gm16p5,rsi40_mom7_high5__gap__gm16p5,2017-11-08,307.91,standard,2017-12-06,432.49,trail8_exit,closed,0.4001076261712835,-0.09431868154880318,28
rsi40_mom7_high5,gap__gm16p5,rsi40_mom7_high5__gap__gm16p5,2019-03-27,139.08,breakout_entry,2019-04-11,164.92,trail8_exit,closed,0.18200084983606524,-0.08752904725019373,15
rsi40_mom7_high5,gap__gm16p5,rsi40_mom7_high5__gap__gm16p5,2019-04-23,170.14,standard,2019-04-25,152.05,trail8_exit,closed,-0.10918167833548842,-0.10632420359703765,2
rsi40_mom7_high5,gap__gm16p5,rsi40_mom7_high5__gap__gm16p5,2019-05-03,164.74,standard,2019-07-11,268.68,sma50_exit,closed,0.6257187800218524,-0.19763483246729974,69
rsi40_mom7_high5,gap__gm16p5,rsi40_mom7_high5__gap__gm16p5,2020-02-05,204.0,breakout_entry,2020-02-19,258.66,trail8_exit,closed,0.2638870106352942,-0.09700632270234388,14
rsi40_mom7_high5,gap__gm16p5,rsi40_mom7_high5__gap__gm16p5,2020-05-28,220.44,standard,2020-09-03,382.87,trail8_exit,closed,0.7312910367773542,-0.19492398595369764,98
rsi40_mom7_high5,gap__gm16p5,rsi40_mom7_high5__gap__gm16p5,2020-10-09,365.36,standard,2020-12-23,585.11,trail8_exit,closed,0.5963409948587692,-0.14803203886682192,75
rsi40_mom7_high5,gap__gm16p5,rsi40_mom7_high5__gap__gm16p5,2020-12-27,684.12,standard,2021-02-22,1778.66,trail8_exit,closed,1.5916108889808807,-0.19337923421067937,57
rsi40_mom7_high5,gap__gm16p5,rsi40_mom7_high5__gap__gm16p5,2021-03-29,1815.73,standard,2021-05-16,3585.62,trail8_exit,closed,0.9684397984211306,-0.1421469175263652,48
rsi40_mom7_high5,gap__gm16p5,rsi40_mom7_high5__gap__gm16p5,2021-07-26,2228.26,standard,2021-09-08,3500.34,trail8_exit,closed,0.5658620954782654,-0.13036129518720097,44
rsi40_mom7_high5,gap__gm16p5,rsi40_mom7_high5__gap__gm16p5,2021-10-06,3575.85,standard,2021-11-16,4209.5,trail8_exit,closed,0.1734385883971643,-0.12518963403229488,41
rsi40_mom7_high5,gap__gm16p5,rsi40_mom7_high5__gap__gm16p5,2021-11-23,4341.62,standard,2021-11-26,4043.67,sma50_exit,closed,-0.07160446842533441,-0.10654305139122422,3
rsi40_mom7_high5,gap__gm16p5,rsi40_mom7_high5__gap__gm16p5,2021-11-29,4449.42,standard,2021-12-03,4216.93,sma50_exit,closed,-0.05528212231239127,-0.09018867517448936,4
rsi40_mom7_high5,gap__gm16p5,rsi40_mom7_high5__gap__gm16p5,2023-01-06,1268.84,breakout_entry,2023-03-03,1569.54,sma50_exit,closed,0.23303291984994168,-0.09872074098894257,56
rsi40_mom7_high5,gap__gm16p5,rsi40_mom7_high5__gap__gm16p5,2023-03-12,1592.31,standard,2023-04-21,1848.16,trail8_exit,closed,0.15696731119543283,-0.12825519912078376,40
rsi40_mom7_high5,gap__gm16p5,rsi40_mom7_high5__gap__gm16p5,2023-05-05,1995.76,standard,2023-05-10,1842.47,sma50_exit,closed,-0.07975968416883794,-0.0768078326051228,5
rsi40_mom7_high5,gap__gm16p5,rsi40_mom7_high5__gap__gm16p5,2023-05-29,1893.2,standard,2023-06-05,1811.21,sma50_exit,closed,-0.046366593757870334,-0.05043488290404263,7
rsi40_mom7_high5,gap__gm16p5,rsi40_mom7_high5__gap__gm16p5,2023-06-20,1792.86,standard,2023-08-02,1838.92,trail8_exit,closed,0.022411210934038417,-0.08326727984246862,43
rsi40_mom7_high5,gap__gm16p5,rsi40_mom7_high5__gap__gm16p5,2023-10-24,1785.28,breakout_entry,2024-01-23,2240.81,sma50_exit,closed,0.2511455595052876,-0.14417696911366495,91
rsi40_mom7_high5,gap__gm16p5,rsi40_mom7_high5__gap__gm16p5,2024-02-06,2372.09,standard,2024-03-20,3516.68,trail8_exit,closed,0.47778356921567045,-0.22360871671654936,43
rsi40_mom7_high5,gap__gm16p5,rsi40_mom7_high5__gap__gm16p5,2024-04-08,3694.56,standard,2024-04-12,3239.31,sma50_exit,closed,-0.12602515573340267,-0.12322170975704816,4
rsi40_mom7_high5,gap__gm16p5,rsi40_mom7_high5__gap__gm16p5,2024-05-29,3762.11,standard,2024-06-11,3497.31,trail8_exit,closed,-0.07335841825103484,-0.09550066337865348,13
rsi40_mom7_high5,gap__gm16p5,rsi40_mom7_high5__gap__gm16p5,2024-06-20,3510.73,standard,2024-06-24,3350.59,sma50_exit,closed,-0.04866603540847636,-0.0473673586016109,4
rsi40_mom7_high5,gap__gm16p5,rsi40_mom7_high5__gap__gm16p5,2024-07-15,3485.87,standard,2024-07-24,3334.99,sma50_exit,closed,-0.04634235654961327,-0.05690006221367572,9
rsi40_mom7_high5,gap__gm16p5,rsi40_mom7_high5__gap__gm16p5,2024-11-06,2724.27,breakout_entry,2024-12-18,3624.84,trail8_exit,closed,0.3263185336219978,-0.09531665314781301,42
rsi40_mom7_high5,gap__gm16p5,rsi40_mom7_high5__gap__gm16p5,2025-06-10,2816.5,breakout_entry,2025-06-13,2580.21,trail8_exit,closed,-0.08682409609884623,-0.0838949050239659,3
rsi40_mom7_high5,gap__gm16p5,rsi40_mom7_high5__gap__gm16p5,2025-07-02,2571.13,standard,2025-08-19,4075.89,trail8_exit,closed,0.5801836493208818,-0.14218156103597634,48
rsi40_mom7_high5,gap__gm16p5,rsi40_mom7_high5__gap__gm16p5,2025-08-25,4377.02,standard,2025-09-22,4202.42,sma50_exit,closed,-0.04296004720216051,-0.10864834367695653,28
rsi40_mom7_high5,gap__gm16p5,rsi40_mom7_high5__gap__gm16p5,2025-10-01,4350.52,standard,2025-10-10,3836.15,sma50_exit,closed,-0.12105124432389713,-0.18141526827019916,9
rsi40_mom7_high5,gap__gm16p5,rsi40_mom7_high5__gap__gm16p5,2026-01-06,3295.59,breakout_entry,2026-01-20,2936.5,sma50_exit,closed,-0.1118098072150967,-0.12469223386053507,14
rsi40_mom7_high5,gap__gm16p5,rsi40_mom7_high5__gap__gm16p5,2026-08-17,1911.94,breakout_entry,,,,open,0.26474931221691045,-0.037284362826933815,5
rsi40_mom7_high5,gap__gm17p0,rsi40_mom7_high5__gap__gm17p0,2017-02-01,10.72,breakout_entry,2017-03-08,16.68,trail8_exit,closed,0.5509950280597011,-0.15243902439024393,35
rsi40_mom7_high5,gap__gm17p0,rsi40_mom7_high5__gap__gm17p0,2017-03-18,33.64,standard,2017-06-21,325.41,trail8_exit,closed,8.642375774363853,-0.20301318267419965,95
rsi40_mom7_high5,gap__gm17p0,rsi40_mom7_high5__gap__gm17p0,2017-08-05,251.85,standard,2017-09-04,316.86,trail8_exit,closed,0.2541070445169744,-0.1934736681344974,30
rsi40_mom7_high5,gap__gm17p0,rsi40_mom7_high5__gap__gm17p0,2017-10-12,302.12,standard,2017-10-23,285.83,sma50_exit,closed,-0.05694400991394166,-0.15527381269025042,11
rsi40_mom7_high5,gap__gm17p0,rsi40_mom7_high5__gap__gm17p0,2017-11-03,306.0,standard,2017-11-07,292.42,sma50_exit,closed,-0.0474346255058824,-0.04437908496732024,4
rsi40_mom7_high5,gap__gm17p0,rsi40_mom7_high5__gap__gm17p0,2017-11-08,307.91,standard,2017-12-06,432.49,trail8_exit,closed,0.4001076261712835,-0.09431868154880318,28
rsi40_mom7_high5,gap__gm17p0,rsi40_mom7_high5__gap__gm17p0,2019-03-27,139.08,breakout_entry,2019-04-11,164.92,trail8_exit,closed,0.18200084983606524,-0.08752904725019373,15
rsi40_mom7_high5,gap__gm17p0,rsi40_mom7_high5__gap__gm17p0,2019-04-23,170.14,standard,2019-04-25,152.05,trail8_exit,closed,-0.10918167833548842,-0.10632420359703765,2
rsi40_mom7_high5,gap__gm17p0,rsi40_mom7_high5__gap__gm17p0,2019-05-03,164.74,standard,2019-07-11,268.68,sma50_exit,closed,0.6257187800218524,-0.19763483246729974,69
rsi40_mom7_high5,gap__gm17p0,rsi40_mom7_high5__gap__gm17p0,2020-02-05,204.0,breakout_entry,2020-02-19,258.66,trail8_exit,closed,0.2638870106352942,-0.09700632270234388,14
rsi40_mom7_high5,gap__gm17p0,rsi40_mom7_high5__gap__gm17p0,2020-05-28,220.44,standard,2020-09-03,382.87,trail8_exit,closed,0.7312910367773542,-0.19492398595369764,98
rsi40_mom7_high5,gap__gm17p0,rsi40_mom7_high5__gap__gm17p0,2020-10-09,365.36,standard,2020-12-23,585.11,trail8_exit,closed,0.5963409948587692,-0.14803203886682192,75
rsi40_mom7_high5,gap__gm17p0,rsi40_mom7_high5__gap__gm17p0,2020-12-27,684.12,standard,2021-02-22,1778.66,trail8_exit,closed,1.5916108889808807,-0.19337923421067937,57
rsi40_mom7_high5,gap__gm17p0,rsi40_mom7_high5__gap__gm17p0,2021-03-29,1815.73,standard,2021-05-16,3585.62,trail8_exit,closed,0.9684397984211306,-0.1421469175263652,48
rsi40_mom7_high5,gap__gm17p0,rsi40_mom7_high5__gap__gm17p0,2021-07-26,2228.26,standard,2021-09-08,3500.34,trail8_exit,closed,0.5658620954782654,-0.13036129518720097,44
rsi40_mom7_high5,gap__gm17p0,rsi40_mom7_high5__gap__gm17p0,2021-10-06,3575.85,standard,2021-11-16,4209.5,trail8_exit,closed,0.1734385883971643,-0.12518963403229488,41
rsi40_mom7_high5,gap__gm17p0,rsi40_mom7_high5__gap__gm17p0,2021-11-23,4341.62,standard,2021-11-26,4043.67,sma50_exit,closed,-0.07160446842533441,-0.10654305139122422,3
rsi40_mom7_high5,gap__gm17p0,rsi40_mom7_high5__gap__gm17p0,2021-11-29,4449.42,standard,2021-12-03,4216.93,sma50_exit,closed,-0.05528212231239127,-0.09018867517448936,4
rsi40_mom7_high5,gap__gm17p0,rsi40_mom7_high5__gap__gm17p0,2023-01-06,1268.84,breakout_entry,2023-03-03,1569.54,sma50_exit,closed,0.23303291984994168,-0.09872074098894257,56
rsi40_mom7_high5,gap__gm17p0,rsi40_mom7_high5__gap__gm17p0,2023-03-12,1592.31,standard,2023-04-21,1848.16,trail8_exit,closed,0.15696731119543283,-0.12825519912078376,40
rsi40_mom7_high5,gap__gm17p0,rsi40_mom7_high5__gap__gm17p0,2023-05-05,1995.76,standard,2023-05-10,1842.47,sma50_exit,closed,-0.07975968416883794,-0.0768078326051228,5
rsi40_mom7_high5,gap__gm17p0,rsi40_mom7_high5__gap__gm17p0,2023-05-29,1893.2,standard,2023-06-05,1811.21,sma50_exit,closed,-0.046366593757870334,-0.05043488290404263,7
rsi40_mom7_high5,gap__gm17p0,rsi40_mom7_high5__gap__gm17p0,2023-06-20,1792.86,standard,2023-08-02,1838.92,trail8_exit,closed,0.022411210934038417,-0.08326727984246862,43
rsi40_mom7_high5,gap__gm17p0,rsi40_mom7_high5__gap__gm17p0,2023-10-24,1785.28,breakout_entry,2024-01-23,2240.81,sma50_exit,closed,0.2511455595052876,-0.14417696911366495,91
rsi40_mom7_high5,gap__gm17p0,rsi40_mom7_high5__gap__gm17p0,2024-02-06,2372.09,standard,2024-03-20,3516.68,trail8_exit,closed,0.47778356921567045,-0.22360871671654936,43
rsi40_mom7_high5,gap__gm17p0,rsi40_mom7_high5__gap__gm17p0,2024-04-08,3694.56,standard,2024-04-12,3239.31,sma50_exit,closed,-0.12602515573340267,-0.12322170975704816,4
rsi40_mom7_high5,gap__gm17p0,rsi40_mom7_high5__gap__gm17p0,2024-05-29,3762.11,standard,2024-06-11,3497.31,trail8_exit,closed,-0.07335841825103484,-0.09550066337865348,13
rsi40_mom7_high5,gap__gm17p0,rsi40_mom7_high5__gap__gm17p0,2024-06-20,3510.73,standard,2024-06-24,3350.59,sma50_exit,closed,-0.04866603540847636,-0.0473673586016109,4
rsi40_mom7_high5,gap__gm17p0,rsi40_mom7_high5__gap__gm17p0,2024-07-15,3485.87,standard,2024-07-24,3334.99,sma50_exit,closed,-0.04634235654961327,-0.05690006221367572,9
rsi40_mom7_high5,gap__gm17p0,rsi40_mom7_high5__gap__gm17p0,2024-11-06,2724.27,breakout_entry,2024-12-18,3624.84,trail8_exit,closed,0.3263185336219978,-0.09531665314781301,42
rsi40_mom7_high5,gap__gm17p0,rsi40_mom7_high5__gap__gm17p0,2025-06-10,2816.5,breakout_entry,2025-06-13,2580.21,trail8_exit,closed,-0.08682409609884623,-0.0838949050239659,3
rsi40_mom7_high5,gap__gm17p0,rsi40_mom7_high5__gap__gm17p0,2025-07-02,2571.13,standard,2025-08-19,4075.89,trail8_exit,closed,0.5801836493208818,-0.14218156103597634,48
rsi40_mom7_high5,gap__gm17p0,rsi40_mom7_high5__gap__gm17p0,2025-08-25,4377.02,standard,2025-09-22,4202.42,sma50_exit,closed,-0.04296004720216051,-0.10864834367695653,28
rsi40_mom7_high5,gap__gm17p0,rsi40_mom7_high5__gap__gm17p0,2025-10-01,4350.52,standard,2025-10-10,3836.15,sma50_exit,closed,-0.12105124432389713,-0.18141526827019916,9
rsi40_mom7_high5,gap__gm17p0,rsi40_mom7_high5__gap__gm17p0,2026-01-06,3295.59,breakout_entry,2026-01-20,2936.5,sma50_exit,closed,-0.1118098072150967,-0.12469223386053507,14
rsi40_mom7_high5,gap__gm17p0,rsi40_mom7_high5__gap__gm17p0,2026-08-17,1911.94,breakout_entry,,,,open,0.26474931221691045,-0.037284362826933815,5
rsi40_mom7_high5,slope_gap__sp0p0__gm15p0,rsi40_mom7_high5__slope_gap__sp0p0__gm15p0,2017-02-01,10.72,breakout_entry,2017-03-08,16.68,trail8_exit,closed,0.5509950280597011,-0.15243902439024393,35
rsi40_mom7_high5,slope_gap__sp0p0__gm15p0,rsi40_mom7_high5__slope_gap__sp0p0__gm15p0,2017-03-18,33.64,standard,2017-06-21,325.41,trail8_exit,closed,8.642375774363853,-0.20301318267419965,95
rsi40_mom7_high5,slope_gap__sp0p0__gm15p0,rsi40_mom7_high5__slope_gap__sp0p0__gm15p0,2017-08-05,251.85,standard,2017-09-04,316.86,trail8_exit,closed,0.2541070445169744,-0.1934736681344974,30
rsi40_mom7_high5,slope_gap__sp0p0__gm15p0,rsi40_mom7_high5__slope_gap__sp0p0__gm15p0,2017-10-12,302.12,standard,2017-10-23,285.83,sma50_exit,closed,-0.05694400991394166,-0.15527381269025042,11
rsi40_mom7_high5,slope_gap__sp0p0__gm15p0,rsi40_mom7_high5__slope_gap__sp0p0__gm15p0,2017-11-03,306.0,standard,2017-11-07,292.42,sma50_exit,closed,-0.0474346255058824,-0.04437908496732024,4
rsi40_mom7_high5,slope_gap__sp0p0__gm15p0,rsi40_mom7_high5__slope_gap__sp0p0__gm15p0,2017-11-08,307.91,standard,2017-12-06,432.49,trail8_exit,closed,0.4001076261712835,-0.09431868154880318,28
rsi40_mom7_high5,slope_gap__sp0p0__gm15p0,rsi40_mom7_high5__slope_gap__sp0p0__gm15p0,2019-03-27,139.08,breakout_entry,2019-04-11,164.92,trail8_exit,closed,0.18200084983606524,-0.08752904725019373,15
rsi40_mom7_high5,slope_gap__sp0p0__gm15p0,rsi40_mom7_high5__slope_gap__sp0p0__gm15p0,2019-04-23,170.14,standard,2019-04-25,152.05,trail8_exit,closed,-0.10918167833548842,-0.10632420359703765,2
rsi40_mom7_high5,slope_gap__sp0p0__gm15p0,rsi40_mom7_high5__slope_gap__sp0p0__gm15p0,2019-05-03,164.74,standard,2019-07-11,268.68,sma50_exit,closed,0.6257187800218524,-0.19763483246729974,69
rsi40_mom7_high5,slope_gap__sp0p0__gm15p0,rsi40_mom7_high5__slope_gap__sp0p0__gm15p0,2020-01-15,166.29,breakout_entry,2020-02-19,258.66,trail8_exit,closed,0.5505018351650732,-0.09700632270234388,35
rsi40_mom7_high5,slope_gap__sp0p0__gm15p0,rsi40_mom7_high5__slope_gap__sp0p0__gm15p0,2020-05-28,220.44,standard,2020-09-03,382.87,trail8_exit,closed,0.7312910367773542,-0.19492398595369764,98
rsi40_mom7_high5,slope_gap__sp0p0__gm15p0,rsi40_mom7_high5__slope_gap__sp0p0__gm15p0,2020-10-09,365.36,standard,2020-12-23,585.11,trail8_exit,closed,0.5963409948587692,-0.14803203886682192,75
rsi40_mom7_high5,slope_gap__sp0p0__gm15p0,rsi40_mom7_high5__slope_gap__sp0p0__gm15p0,2020-12-27,684.12,standard,2021-02-22,1778.66,trail8_exit,closed,1.5916108889808807,-0.19337923421067937,57
rsi40_mom7_high5,slope_gap__sp0p0__gm15p0,rsi40_mom7_high5__slope_gap__sp0p0__gm15p0,2021-03-29,1815.73,standard,2021-05-16,3585.62,trail8_exit,closed,0.9684397984211306,-0.1421469175263652,48
rsi40_mom7_high5,slope_gap__sp0p0__gm15p0,rsi40_mom7_high5__slope_gap__sp0p0__gm15p0,2021-07-26,2228.26,standard,2021-09-08,3500.34,trail8_exit,closed,0.5658620954782654,-0.13036129518720097,44
rsi40_mom7_high5,slope_gap__sp0p0__gm15p0,rsi40_mom7_high5__slope_gap__sp0p0__gm15p0,2021-10-06,3575.85,standard,2021-11-16,4209.5,trail8_exit,closed,0.1734385883971643,-0.12518963403229488,41
rsi40_mom7_high5,slope_gap__sp0p0__gm15p0,rsi40_mom7_high5__slope_gap__sp0p0__gm15p0,2021-11-23,4341.62,standard,2021-11-26,4043.67,sma50_exit,closed,-0.07160446842533441,-0.10654305139122422,3
rsi40_mom7_high5,slope_gap__sp0p0__gm15p0,rsi40_mom7_high5__slope_gap__sp0p0__gm15p0,2021-11-29,4449.42,standard,2021-12-03,4216.93,sma50_exit,closed,-0.05528212231239127,-0.09018867517448936,4
rsi40_mom7_high5,slope_gap__sp0p0__gm15p0,rsi40_mom7_high5__slope_gap__sp0p0__gm15p0,2022-03-28,3334.47,breakout_entry,2022-04-06,3168.52,trail8_exit,closed,-0.052806338815104104,-0.10056262383685621,9
rsi40_mom7_high5,slope_gap__sp0p0__gm15p0,rsi40_mom7_high5__slope_gap__sp0p0__gm15p0,2023-01-06,1268.84,breakout_entry,2023-03-03,1569.54,sma50_exit,closed,0.23303291984994168,-0.09872074098894257,56
rsi40_mom7_high5,slope_gap__sp0p0__gm15p0,rsi40_mom7_high5__slope_gap__sp0p0__gm15p0,2023-03-12,1592.31,standard,2023-04-21,1848.16,trail8_exit,closed,0.15696731119543283,-0.12825519912078376,40
rsi40_mom7_high5,slope_gap__sp0p0__gm15p0,rsi40_mom7_high5__slope_gap__sp0p0__gm15p0,2023-05-05,1995.76,standard,2023-05-10,1842.47,sma50_exit,closed,-0.07975968416883794,-0.0768078326051228,5
rsi40_mom7_high5,slope_gap__sp0p0__gm15p0,rsi40_mom7_high5__slope_gap__sp0p0__gm15p0,2023-05-29,1893.2,standard,2023-06-05,1811.21,sma50_exit,closed,-0.046366593757870334,-0.05043488290404263,7
rsi40_mom7_high5,slope_gap__sp0p0__gm15p0,rsi40_mom7_high5__slope_gap__sp0p0__gm15p0,2023-06-20,1792.86,standard,2023-08-02,1838.92,trail8_exit,closed,0.022411210934038417,-0.08326727984246862,43
rsi40_mom7_high5,slope_gap__sp0p0__gm15p0,rsi40_mom7_high5__slope_gap__sp0p0__gm15p0,2023-10-24,1785.28,breakout_entry,2024-01-23,2240.81,sma50_exit,closed,0.2511455595052876,-0.14417696911366495,91
rsi40_mom7_high5,slope_gap__sp0p0__gm15p0,rsi40_mom7_high5__slope_gap__sp0p0__gm15p0,2024-02-06,2372.09,standard,2024-03-20,3516.68,trail8_exit,closed,0.47778356921567045,-0.22360871671654936,43
rsi40_mom7_high5,slope_gap__sp0p0__gm15p0,rsi40_mom7_high5__slope_gap__sp0p0__gm15p0,2024-04-08,3694.56,standard,2024-04-12,3239.31,sma50_exit,closed,-0.12602515573340267,-0.12322170975704816,4
rsi40_mom7_high5,slope_gap__sp0p0__gm15p0,rsi40_mom7_high5__slope_gap__sp0p0__gm15p0,2024-05-29,3762.11,standard,2024-06-11,3497.31,trail8_exit,closed,-0.07335841825103484,-0.09550066337865348,13
rsi40_mom7_high5,slope_gap__sp0p0__gm15p0,rsi40_mom7_high5__slope_gap__sp0p0__gm15p0,2024-06-20,3510.73,standard,2024-06-24,3350.59,sma50_exit,closed,-0.04866603540847636,-0.0473673586016109,4
rsi40_mom7_high5,slope_gap__sp0p0__gm15p0,rsi40_mom7_high5__slope_gap__sp0p0__gm15p0,2024-07-15,3485.87,standard,2024-07-24,3334.99,sma50_exit,closed,-0.04634235654961327,-0.05690006221367572,9
rsi40_mom7_high5,slope_gap__sp0p0__gm15p0,rsi40_mom7_high5__slope_gap__sp0p0__gm15p0,2024-11-06,2724.27,breakout_entry,2024-12-18,3624.84,trail8_exit,closed,0.3263185336219978,-0.09531665314781301,42
rsi40_mom7_high5,slope_gap__sp0p0__gm15p0,rsi40_mom7_high5__slope_gap__sp0p0__gm15p0,2025-05-13,2679.88,breakout_entry,2025-06-05,2415.34,trail8_exit,closed,-0.10159518513127463,-0.09947952396575888,23
rsi40_mom7_high5,slope_gap__sp0p0__gm15p0,rsi40_mom7_high5__slope_gap__sp0p0__gm15p0,2025-06-10,2816.5,breakout_entry,2025-06-13,2580.21,trail8_exit,closed,-0.08682409609884623,-0.0838949050239659,3
rsi40_mom7_high5,slope_gap__sp0p0__gm15p0,rsi40_mom7_high5__slope_gap__sp0p0__gm15p0,2025-07-02,2571.13,standard,2025-08-19,4075.89,trail8_exit,closed,0.5801836493208818,-0.14218156103597634,48
rsi40_mom7_high5,slope_gap__sp0p0__gm15p0,rsi40_mom7_high5__slope_gap__sp0p0__gm15p0,2025-08-25,4377.02,standard,2025-09-22,4202.42,sma50_exit,closed,-0.04296004720216051,-0.10864834367695653,28
rsi40_mom7_high5,slope_gap__sp0p0__gm15p0,rsi40_mom7_high5__slope_gap__sp0p0__gm15p0,2025-10-01,4350.52,standard,2025-10-10,3836.15,sma50_exit,closed,-0.12105124432389713,-0.18141526827019916,9
rsi40_mom7_high5,slope_gap__sp0p0__gm15p0,rsi40_mom7_high5__slope_gap__sp0p0__gm15p0,2026-08-17,1911.94,breakout_entry,,,,open,0.26474931221691045,-0.037284362826933815,5
